index,backdrop_path,overview,poster_path,original_language,vote_average,origin_country,parentTconst,ordering,title_series,genres,startYear,voisin1,voisin2,voisin3,voisin4
5721,/tSpREAMP0HqPZqAKG4ubr4xPDPy.jpg,A young woman whose childhood was so harrowing to her that she developed at least 13 different personalities.,/rQxfLUaZ67vS1bBxR9hqDGOJwqA.jpg,en,7.4,['US'],tt0075296,4.0,Sybil,Drama,1976.0,Sybil,Ardéchois Coeur Fidèle,L'Alphoméga,Shogun
6503,/j5hn3Xn2BDbwR3tBX7s8m8Y1zce.jpg,An English navigator becomes both a player and pawn in complex political games in feudal Japan.,/vfcbFozvKkC2dRqsNn0soIHGfBL.jpg,en,7.642,['US'],tt0080274,4.0,Shogun,Action & Adventure,1980.0,Shogun,Sybil,La Mafia,L'ultime secret
7174,/3sSJcOzSLFfamgOVroKuXIpGCux.jpg,"Three armed robbers--Harry Rawlins, Terry Miller, and Joe Pirelli--die when the security van that they are robbing catches fire in the Kingsway Tunnel in London. Their widows--Dolly Rawlins, Shirley Miller, and Linda Pirelli--find their husbands' plans for the robbery and decide to stage it themselves.",/4wN5a3LFXxd0GtZiGc0meVVymEd.jpg,en,7.0,['GB'],tt0085111,4.0,Les veuves au parfum,Crime,1983.0,Les veuves au parfum,Sadat,Pause-café,La Griffe du destin
7191,/bE8ArAxpwIRfQXHX6zEaUzoSPOV.jpg,"An epic crime saga of power, money, violence and corruption. The mafia controls everything through local and international networks like an octopus, and anyone who tries to bring them down pays the ultimate price.",/2gLLftWX1ecorSXq2jBMosQAcKx.jpg,it,8.0,['IT'],tt0086779,4.0,L'ultime secret,Drama,1984.0,L'ultime secret,La Mafia 2,La Mafia,La Mafia 3
7192,/bE8ArAxpwIRfQXHX6zEaUzoSPOV.jpg,"An epic crime saga of power, money, violence and corruption. The mafia controls everything through local and international networks like an octopus, and anyone who tries to bring them down pays the ultimate price.",/2gLLftWX1ecorSXq2jBMosQAcKx.jpg,it,8.0,['IT'],tt0086779,4.0,La Mafia,Drama,1984.0,L'ultime secret,La Mafia 2,La Mafia,La Mafia 3
7193,/bE8ArAxpwIRfQXHX6zEaUzoSPOV.jpg,"An epic crime saga of power, money, violence and corruption. The mafia controls everything through local and international networks like an octopus, and anyone who tries to bring them down pays the ultimate price.",/2gLLftWX1ecorSXq2jBMosQAcKx.jpg,it,8.0,['IT'],tt0086779,4.0,La Mafia 2,Drama,1984.0,L'ultime secret,La Mafia 2,La Mafia,La Mafia 3
7194,/bE8ArAxpwIRfQXHX6zEaUzoSPOV.jpg,"An epic crime saga of power, money, violence and corruption. The mafia controls everything through local and international networks like an octopus, and anyone who tries to bring them down pays the ultimate price.",/2gLLftWX1ecorSXq2jBMosQAcKx.jpg,it,8.0,['IT'],tt0086779,4.0,La Mafia 3,Drama,1984.0,L'ultime secret,La Mafia 2,La Mafia,La Mafia 3
7195,/bE8ArAxpwIRfQXHX6zEaUzoSPOV.jpg,"An epic crime saga of power, money, violence and corruption. The mafia controls everything through local and international networks like an octopus, and anyone who tries to bring them down pays the ultimate price.",/2gLLftWX1ecorSXq2jBMosQAcKx.jpg,it,8.0,['IT'],tt0086779,4.0,La Mafia 4 - Raid contre la Mafia,Drama,1984.0,L'ultime secret,La Mafia 2,La Mafia,La Mafia 3
7196,/bE8ArAxpwIRfQXHX6zEaUzoSPOV.jpg,"An epic crime saga of power, money, violence and corruption. The mafia controls everything through local and international networks like an octopus, and anyone who tries to bring them down pays the ultimate price.",/2gLLftWX1ecorSXq2jBMosQAcKx.jpg,it,8.0,['IT'],tt0086779,4.0,La Mafia 5 - Mort à Palerme,Drama,1984.0,L'ultime secret,La Mafia 2,La Mafia,La Mafia 3
7197,/bE8ArAxpwIRfQXHX6zEaUzoSPOV.jpg,"An epic crime saga of power, money, violence and corruption. The mafia controls everything through local and international networks like an octopus, and anyone who tries to bring them down pays the ultimate price.",/2gLLftWX1ecorSXq2jBMosQAcKx.jpg,it,8.0,['IT'],tt0086779,4.0,La Mafia 6 - L'ultime secret,Drama,1984.0,L'ultime secret,La Mafia 2,La Mafia,La Mafia 3
7198,/bE8ArAxpwIRfQXHX6zEaUzoSPOV.jpg,"An epic crime saga of power, money, violence and corruption. The mafia controls everything through local and international networks like an octopus, and anyone who tries to bring them down pays the ultimate price.",/2gLLftWX1ecorSXq2jBMosQAcKx.jpg,it,8.0,['IT'],tt0086779,4.0,La Mafia 7 - Enquête sur la mort du commissaire Cattani,Drama,1984.0,L'ultime secret,La Mafia 2,La Mafia,La Mafia 3
7705,/wuTlBhkgyPho8MYNbrlqSE2UxW4.jpg,"Sins is a 1986 CBS television miniseries starring Joan Collins. An adaptation of the 1982 novel of the same name by Judith Gould, it is the story of a woman who survives the horrors of the Nazi occupation of France and suffers a succession of challenges as she rises in the world of fashion.

Produced by New World Television, Collins also served as executive producer with her then-husband Peter Holm, and the mini-series contained 85 costume changes for her role. Carly Simon co-wrote and performed the theme song, ""It's Hard to be Tender.""",/s2FV3blE4EA0BS5i7ljSQmOi5K3.jpg,en,7.2,['US'],tt0090522,4.0,La Griffe du destin,Drama,1986.0,La Griffe du destin,Les nouvelles aventures de Zorro,Pause-café,Les veuves au parfum
8347,/borJhTreo7a0f8YwDvcVZTrWi0Q.jpg,"Zorro, also known as The New Zorro, New World Zorro, and Zorro 1990, is an American action-adventure drama series featuring Duncan Regehr as the character of Zorro. Regehr portrayed the fearless Latino hero and fencer on The Family Channel from 1990 to 1993. The series was shot entirely in Madrid, Spain and produced by New World Television, The Family Channel, Ellipse Programme of Canal Plus, Beta TV, and RAI. 88 episodes of the series were produced, 10 more than the first Zorro television series, which was produced by Disney in the late 1950s.

Since 2011, the series is currently airing in the United States on the Retro Television Network as The New Zorro. Peter Rodgers Organization is the distributor for this version of Zorro.",/iuo9I7AF6HSs4RdpwHb2QFOkZjk.jpg,en,7.1,['US'],tt0098957,2.0,Les nouvelles aventures de Zorro,Action & Adventure,1990.0,Les nouvelles aventures de Zorro,La Griffe du destin,Sadat,Les veuves au parfum
10048,/huWw8v01wsznHGPek2pJITV57hO.jpg,"Tense drama series about the different challenges faced by the British Security Service as they work against the clock to safeguard the nation. The title is a popular colloquialism for spies, and the series follows the work of a group of MI5 officers based at the service's Thames House headquarters, in a highly secure suite of offices known as The Grid.",/5kODxCYihuM49oQWke6GfHdsRT6.jpg,en,7.6,['GB'],tt0160904,4.0,MI-5,Drama,2002.0,MI-5,Les condamnées,À poil!,Tous en boîte
10932,/7fXYeb1aXigfNRu718YVnjRNUSM.jpg,"A TV mini-series adaptation of the classic Alexandre Dumas novel. Edmond Dantes is unjustly sent to prison for 18 years. He escapes to reclaim his fiancée Mercedes and revenge against his nemesis, Mondego.",/qvQSP7aIsknQXZP3KaLo8reDs1u.jpg,fr,7.3,['FR'],tt0167565,4.0,Le Comte de Monte Cristo,Action & Adventure,1998.0,Le Comte de Monte Cristo,Chiquinha Gonzaga,Tous en boîte,À poil!
12249,/ugWpWygiK84cG1ESswLfdXTcckg.jpg,"It tells the story of Chiquinha Gonzaga, a revolutionary musician who marked the history of music in Brazil, and challenged the social standards of her time. Chiquinha was raised very comfortably and had an excellent education provided by his father, Jose Basileu, who expected his daughter to be a lady of the imperial court. But after listening to songs played in a black yard and influenced by friends, such as composer Joaquim Callado, Chiquinha begins to make compositions mixing polka and lundu. By imposition of her father, Chiquinha is forced to marry Jacinto, with whom she has three children. However, Jacinto forbids her to play, and she decides to separate from her husband, going against social standards. Chiquinha, then, fights for his freedom to play and will live with the great love of his youth, João Batista de Carvalho Jr., with whom he has a daughter, Alice.",/3iV3rs2Gcmm7N4HxB8dlAQhyyJ4.jpg,pt,7.3,['BR'],tt0181206,4.0,Chiquinha Gonzaga,Drama,1999.0,Chiquinha Gonzaga,Le Comte de Monte Cristo,Tous en boîte,À poil!
12296,/9haAhtWSgAbspKF6l1wf2vIwv8W.jpg,"A peek behind closed doors at the intricacies of modern relationships. Each episode features three different fictional stories and follows various characters to see what happened during their most intimate moments. No subject is too taboo. All the stories have one very important thing in common, though: someone inevitably gets undressed.",/ge7irnaTcUvt6LpNe7ZGzzEKobb.jpg,en,7.5,"['CA', 'US']",tt0190106,4.0,À poil!,Drama,1999.0,À poil!,Les condamnées,Tous en boîte,MI-5
14137,/hA1vPo2MItVVXwmCd5Dtfbxa7VI.jpg,"The stylish, original and uninhibited Emmy award-winning sketch show starring Fiona Allen, Doon Mackichan and Sally Phillips. Distinctly contemporary. Decidedly maverick.",/cDocsijzYFwtdOkJMVlidBvwxa6.jpg,en,7.1,['GB'],tt0195275,4.0,Embrasse le poney,Comedy,1999.0,Embrasse le poney,La clef des champs,Chiquinha Gonzaga,Le Comte de Monte Cristo
14169,/yMWJxSne2V943VoiHTKsbrJWx49.jpg,"In 1822, Toussaint Rouveyre, a former captain in Napoleon's army, returned to his village in the Ardèche after the defeat at Waterloo and a seven-year stay in America. There, he reunited with his family, persecuted by the Restoration regime. In order for his father to give him his share of the inheritance in advance of his permanent move to America, he needs the consent of his younger brother Antoine, a carpenter who is on the Compagnons' Tour de France. When Toussaint learns that his brother, a member of the Compagnons du Devoir (Devoirants) association, has been killed by a companion from the rival association, the Compagnons du Devoir de Liberté (Gavots), he is determined to find the murderer, a certain Tourangeau Sans-Quartier, and avenge his brother. To find this man, he joins the Compagnons du Devoir de Liberté incognito.",/gnyDqSh38AspCG9ftI6bIIhYybV.jpg,fr,7.2,['FR'],tt0198055,4.0,Ardéchois Coeur Fidèle,Action & Adventure,1974.0,Ardéchois Coeur Fidèle,L'Alphoméga,Sybil,Jacquou le croquant
14268,/kiUASXk0GQd5VMF8uKuKzUsiVtd.jpg,"Bad Girls is a British television drama series that was broadcast on ITV from 1 June 1999 to 20 December 2006 and starred Simone Lahbib, Mandana Jones, Debra Stephenson, Linda Henry, Jack Ellis and many more throughout the eight-year run. The series was broadcast in 17 countries and was produced by Shed Productions, the company which later produced Footballers' Wives and Waterloo Road. It is set in the fictional women's prison of Larkhall, and features a mixture of serious and light storylines focusing on the prisoners and staff of G Wing. From 2010, the UK broadcast rights were bought by CBS Drama, and is repeated regularly – as of September 2012, the channel is re-running the series again in a late-night time slot.",/vDt7u6ITtdMFxmbMBKJKhydneF1.jpg,en,7.6,['GB'],tt0203248,4.0,Les condamnées,Drama,1999.0,Les condamnées,À poil!,MI-5,Tous en boîte
15923,/n0VOCRcEVsshvYwtmLvolGx3sFR.jpg,"A very-recognizable audience of Disney animated characters gather into the House of Mouse nightclub to enjoy musical guests, cartoon shorts and Master of Ceremonies Mickey Mouse's comical introductions from the stage.",/p8WHVAEFnx1dzKy396CDezN8s06.jpg,en,7.4,['US'],tt0272388,17.0,Tous en boîte,Animation,2001.0,Tous en boîte,À poil!,Chiquinha Gonzaga,W.I.T.C.H.
16480,/sEoLCkwHlUM7Y7hR4ROgWOOdRLv.jpg,"Newly graduate Yamaguchi Kumiko an idealistic teacher who entered Shirokin High to be a math teacher. Having high hopes for her students, her world turned up side down when she finds out that she'll be teaching the class 3-D the hardest class to take care of. Class 3-D is a bunch of students who looks more like delinquents and trouble makers. The students show no respect to teachers nor a little kindness. Each and every student doesn't like teacher for almost everyone has no good memories of them. The leader of the class is Sawada Shin. He is well respected for there are rumors that he beat a teacher to death. The students try there hardest to bully and make fun of her so she'll quit but all there efforts went to waste because Yamaguchi ain't an ordinary Teacher. Yamaguchi Kumiko is actually the 4th generation heir to Oedo group, a yakuza clan. Even though everyone in there clan wants her to the next leader, she made up her mind and so everyone accepted it.",/66mskBVwIC2VPGf8jlbK9j049Mp.jpg,ja,8.0,['JP'],tt0292765,4.0,Gokusen,Drama,2002.0,Gokusen,La famille Passiflore,BeTipul,Engrenages
16835,/yftTZyvNYJ4tA0VTQrPCizyth7o.jpg,"This movie reflects the history of Yugoslavia since the beginning of WWII (and similar to all ex-communist countries) to the last horrible events in Balcanian countries. Behind the comedy is hidden the pain of whole generations, which have suffered WWII, The Cold War, the war in Yugoslavia, the communism, the treachery of their own leadership, the fall. The film shows us the reality, as seen by those who feel unlimited love for their country and culture. Marko and Blacky represent the true leaders of the country, the soul of the nation and not without controversies. Once Upon A Time There Was A Country is an extended TV version of Emir Kusturica's Palme d'Or winning Underground.",/vRM1nmuFOzcEEYSmEVXZKzoBmv1.jpg,sr,8.9,['YU'],tt0319957,4.0,Il était une fois un pays,Drama,1996.0,Il était une fois un pays,Kozak,Jewelpets: Le royaume des bijoux,Section de recherches
16991,/yQipL4WiA426RojJQAXwcIFUGCJ.jpg,"The Guardians must save Meridian from the evil sorcerer Phobos and Cedric who are searching for Phobos' sister, the long lost princess of Meridian and true heir to the throne. They later find her and the Guardians then set about saving her from Phobos. When Meridian is freed from evil and true heir takes the throne, a new mysterious sorceress named Nerissa frees Phobos' top henchmen and reforms them as the Knights of Vengeance. Once the Guardians learn more about the sorceress and her evil plan of reuniting former Guardians, they are able to defeat the Knights only to have more powerful Knights, in addition to the former Guardians attack them.",/tBoCZnUrX4xjI3Ge8zd5OCvjlLA.jpg,en,7.4,"['FR', 'IT']",tt0383718,2.0,W.I.T.C.H.,Animation,2004.0,W.I.T.C.H.,Tous en boîte,Gavin & Stacey,Les 4400
16996,/f9UppHj8WxVSdXPBNz0XddBvalw.jpg,"With World War I, the Bolshevik Revolution, and the Russian Civil War as backdrop, it's an old-fashioned, blood-and-guts narrative, filled with earthly humor and a wealth of colorful characters. The story concerns the fluctuating fortunes of Grigory Melekhov, a young Cossack who is both a hero and a victim of the uprising.",/a19Xsq5lhIZHFIB0yynmEUzP23D.jpg,en,9.0,"['RU', 'UA']",tt0384712,4.0,Kozak,Drama,2006.0,Kozak,Jewelpets: Le royaume des bijoux,Jan Hus - Rebelle jusqu'au bûcher,19-2
17018,/j3s3M2RbIiIEtCtl5SsPqBMGDO8.jpg,"4400 centers on the return of 4400 people who, previously presumed dead or reported missing, reappear on Earth. Though they have not aged physically, some of them seem to have deeper alterations ranging from superhuman strength to an unexplained healing touch. A government agency is formed to track the 4400 people after one of them commits a murder.",/nWpatnVtPVxjsn7mMiRZNAalEMf.jpg,en,7.2,['US'],tt0389564,4.0,Les 4400,Drama,2004.0,Les 4400,Un flic,W.I.T.C.H.,Chasseurs de dragons
17034,/fgvM6m7gAd8kDAaLF16aflbOSAK.jpg,Follows the personal and professional lives of a group of doctors at Seattle’s Grey Sloan Memorial Hospital.,/7jEVqXC14bhfAzSPgr896dMdDv6.jpg,en,8.228,['US'],tt0413573,4.0,Grey's Anatomy (À coeur ouvert),Drama,2005.0,Grey's Anatomy,Grey's Anatomy (À coeur ouvert),Esprits criminels,Section de recherches
17035,/fgvM6m7gAd8kDAaLF16aflbOSAK.jpg,Follows the personal and professional lives of a group of doctors at Seattle’s Grey Sloan Memorial Hospital.,/7jEVqXC14bhfAzSPgr896dMdDv6.jpg,en,8.228,['US'],tt0413573,4.0,Grey's Anatomy,Drama,2005.0,Grey's Anatomy,Grey's Anatomy (À coeur ouvert),Esprits criminels,Section de recherches
17969,/65Y6PweSvQ1OOFBzStybjipURRP.jpg,"An elite team of FBI profilers analyze the country's most twisted criminal minds, anticipating their next moves before they strike again. The Behavioral Analysis Unit's most experienced agent is David Rossi, a founding member of the BAU who returns to help the team solve new cases.",/wLMQebhTApmn4F6Fzg6FovdwVvL.jpg,en,8.3,['US'],tt0452046,4.0,Esprits criminels,Crime,2005.0,Esprits criminels,Grey's Anatomy,Grey's Anatomy (À coeur ouvert),Section de recherches
18229,/zZo8UB24YcFdFECUp0xGiG7oAHn.jpg,"BeTipul is an Israeli television drama revolving around the personal and professional life of an Israeli psychologist, Reuven Dagan, played by Assi Dayan. The series portrays a psychologist who treats patients at his clinic five days a week and then seeks psychological treatment for himself. Filmmaker Ari Folman served as the head writer of the series.",/4LPRg5THmlaRCwCE8aBeiGFbLpY.jpg,he,8.0,['IL'],tt0466345,4.0,BeTipul,Drama,2005.0,BeTipul,Het huis Anubis,Engrenages,Engrenages
18345,/gQr75UrfUsu799Xwzic1TYtZGTD.jpg,This gritty crime drama set in the dark underbelly of Paris follows police officers and lawyers as they investigate and prosecute crimes. Throw any romantic notion of Paris out the window. Crime is dark. The legal system is darker. This is Spiral.,/t4i4wJCRUDkblYaqp3ln4vENQdC.jpg,fr,7.9,['FR'],tt0477507,4.0,Engrenages,Action & Adventure,2005.0,Engrenages,Engrenages,BeTipul,Het huis Anubis
18412,/gQr75UrfUsu799Xwzic1TYtZGTD.jpg,This gritty crime drama set in the dark underbelly of Paris follows police officers and lawyers as they investigate and prosecute crimes. Throw any romantic notion of Paris out the window. Crime is dark. The legal system is darker. This is Spiral.,/t4i4wJCRUDkblYaqp3ln4vENQdC.jpg,fr,7.9,['FR'],tt0477507,2.0,Engrenages,Action & Adventure,2005.0,Engrenages,Engrenages,BeTipul,Het huis Anubis
18641,/xpHI4fsWTEcYOCp67xvBnRYjQn0.jpg,Dragon Hunters is a cartoon series created by Arthur Qwak and produced by the French company Futurikon. It follows the adventures of two hunters for hire through a medieval world of floating land masses that is terrorized by a widely varying menace of monsters known collectively as dragons. A 3-D feature film and a videogame based on the film have also been released. Its original French title is Chasseurs de Dragons.,/zIjUPw2XbNPmFbuhhvyF5RCFbJd.jpg,fr,7.0,"['CA', 'FR']",tt0488444,2.0,Chasseurs de dragons,Animation,2006.0,Chasseurs de dragons,"Pigalle, la nuit",Un flic,Les 4400
19210,/7NNNXo0qG2SqH4JoG7GPvJ2hzes.jpg,Follow a band of exiles on their monumental journey to save humanity and rebuild civilization amid the fall of the Galactic Empire.,/1AZERr7KEJBpcchQ6vFcbUUC0Zw.jpg,en,7.811,['US'],tt0804484,4.0,Foundation,Sci-Fi & Fantasy,2021.0,Foundation,Narco-Saints,Story of Kunning Palace,My Happy End
19370,/aScS3qIDJwwXuk0geA5M7TDzzYc.jpg,"The Section de recherches is a special unit of the Gendarmerie nationale, responsible for the most complex cases. In Bordeaux (from 2006 to 2013) and then in Nice (since 2014), child abductions, disappearances, heinous or sexual crimes are the daily lot of the investigators in this research unit. In the search for witnesses, the team is authorised to extend its investigations beyond France's borders.",/gClAGMFp5J2vzs8CDbCBMQzk02v.jpg,fr,8.4,['FR'],tt0806905,2.0,Section de recherches,Crime,2006.0,Section de recherches,Section de recherches,Esprits criminels,Grey's Anatomy
19379,/aScS3qIDJwwXuk0geA5M7TDzzYc.jpg,"The Section de recherches is a special unit of the Gendarmerie nationale, responsible for the most complex cases. In Bordeaux (from 2006 to 2013) and then in Nice (since 2014), child abductions, disappearances, heinous or sexual crimes are the daily lot of the investigators in this research unit. In the search for witnesses, the team is authorised to extend its investigations beyond France's borders.",/gClAGMFp5J2vzs8CDbCBMQzk02v.jpg,fr,8.4,['FR'],tt0806905,3.0,Section de recherches,Crime,2006.0,Section de recherches,Section de recherches,Esprits criminels,Grey's Anatomy
19557,/bhG5IPraJd04px8bTBh7N4hxypz.jpg,"Monster Allergy is a 2005 animated television series, jointly produced by Rainbow S.p.A., Futurikon, RAI Fiction and ZDF.",/mM9dfhCxdxPNXH3blfx4hzNa8vo.jpg,it,7.8,['IT'],tt0850641,4.0,Monster Allergy,Sci-Fi & Fantasy,2006.0,Monster Allergy,Liar Game,Engrenages,Engrenages
19733,/eeLNM7MMyXpwq5G11kBhAcbkikK.jpg,A group of boarding school students embark on the search for a treasure when one of them discovers a long hidden secret in the attic.,/huAHHfsAKoc1pWjb5Qll7WPxJzJ.jpg,nl,8.0,"['BE', 'NL']",tt0892187,4.0,Het huis Anubis,Kids,2006.0,Het huis Anubis,BeTipul,Engrenages,Engrenages
20044,/fTD01TZpcvf99s4x3a25hjSaNNo.jpg,"Gavin is an ordinary boy from Billericay, Essex. Stacey is an ordinary girl from Barry Island, South Wales. They’ve spoken on the phone every day at work for months but they’ve never actually met… until now.",/jNpySE7Rwq1DlhHadMZnGquralv.jpg,en,7.5,['GB'],tt0908454,4.0,Gavin & Stacey,Comedy,2007.0,Gavin & Stacey,Rita & Whatsit,W.I.T.C.H.,Rosario Tijeras
20290,/c7STUe6K17OcQLpzFBgSC5nhj8y.jpg,"Nao Kanzaki, a student, was blackmailed into joining a ""Liar Game"" and ended up losing 100 million yen. In order to repay the debt, she enlists the help of Shin'ichi Akiyama, a genius swindler who was only recently released from jail for bankrupting one of Japan's largest scam companies.",/oSaZVSF5exQKXHIDotbTqA8ZntJ.jpg,ja,7.8,['JP'],tt0978076,4.0,Liar Game,Drama,2007.0,Liar Game,Monster Allergy,Engrenages,Engrenages
20759,/dgYUF4FoKF2UdGMP7Mhd6eFDGdy.jpg,"As a punishment for meddling in human affairs, an angel faces the impossible task of finding a soulmate for a cold-hearted ballerina.",/ltoY1cMTdh5ovUe6JhEsuU5Twd3.jpg,ko,8.126,['KR'],tt10160592,4.0,Angel's Last Mission: Love,Drama,2019.0,Angel's Last Mission: Love,Good Omens,You,Koi Desu: Yankee-kun to Hakujou Garu
21013,/f7k5kzzthFO9F48XpqSb6fXqlFM.jpg,"The Bravest Knight is the story of a young pumpkin farmer named Cedric as he attempts to become the greatest knight who ever lived. Now grown and married to the prince of his dreams, Sir Cedric recounts his fairytale adventures to his adopted daughter Nia, showing her the paths and pitfalls that await her on the way to knighthood.",/shQOswlI6DQPmy0hmSBHh91jlhQ.jpg,en,7.4,['US'],tt10394790,4.0,The Bravest Knight,Animation,2019.0,The Bravest Knight,Les Green à Big City,To the Lake,1994
21014,/jyvOp7oWNueMQsIUZCiHtMppQC2.jpg,"The dramatised account of how the world’s greatest Special Forces unit, the SAS, was formed under extraordinary circumstances in the darkest days of World War Two.",/qEaxiDrPaTY34eIg6naXMfM2IKC.jpg,en,7.6,['GB'],tt10405370,4.0,SAS Rogue Heroes,Drama,2022.0,SAS Rogue Heroes,Le chemin de l'olivier,Summer Strike,Les Enquêtes sauvages
21263,/7k2TgRgvgyM23TPdKPVCtsHsIrV.jpg,"Provoked by the actions of a seemingly sly human, an ancient snake spirit takes on a human form, in order to prove him a fraud. Convinced she’s doing the world a favor, Bai Su Zhen challenges Xu Xuan to a contest of skill but what starts as a heated rivalry soon turns to burning passion. Faced with opposition from every side, Bai Su Zhen and Xu Xuan’s love is put to the test time and time again.",/1ZYBRDnpgMcDI3h5ZovCRS2NJvX.jpg,zh,7.0,['CN'],tt10628250,4.0,The Legend of White Snake,Drama,2019.0,The Legend of White Snake,Home,Jeux d'influence,La Légende de Tang
22238,/l2MdOlXO4XI7HvRmlMWxTxf3BXc.jpg,"An Indigenous teen struggles to support his dysfunctional family as myth, magic, and monsters slowly infiltrate his life.",/xOGaNevMHwbrHSo6zwIZxECMt8m.jpg,en,7.3,['CA'],tt11187454,4.0,Trickster,Sci-Fi & Fantasy,2020.0,Trickster,Two Weeks to Live,1994,Le bandit repenti
22244,/eVGaiNUPhwKyiuWH6LfNa60JFyQ.jpg,"A whip-smart doctor comes to the U.S. for a medical treatment to save her ailing son. But when the system fails and pushes her into hiding, she refuses to be beaten down and marginalized. Instead, she becomes a cleaning lady for the mob and starts playing the game by her own rules.",/aoTQhDKiuKpn599yNxp03wr2ZHu.jpg,en,7.686,['US'],tt11188682,4.0,The Cleaning Lady,Crime,2022.0,The Cleaning Lady,Kan Çiçekleri,Lupin,The White Lotus
22265,/67fcIGb48dlUTFlERayDgMuRtuG.jpg,A 13-year-old Sicilian girl must contend with a viral contagion that has killed off all adults on the island as she sets out in search of her kidnapped brother.,/957Zi8wV3Em9NDEiRLlkkF27dX6.jpg,it,7.108,['IT'],tt11199132,2.0,Anna,Drama,2021.0,Anna,Sijipeuseu: The Myth,Lopez contre Lopez,Braqueurs: La série
22308,/b5MQqMNvnikh6qBdg9fszavXaVa.jpg,Korean emperor Lee Gon tries to close the doors to a parallel world which was opened by demons; a detective tries to protect the people and the one she loves.,/7SLlbkzOJb8v9wXVYIcqozx2hxe.jpg,ko,8.3,['KR'],tt11228748,4.0,The King: Eternal Monarch,Sci-Fi & Fantasy,2020.0,The King: Eternal Monarch,Son Yaz,Tozkoparan Iskender,Kingdom
22533,/lOM5ho8qmqQh0F6cn1DxGB61RvR.jpg,"Seeking to avenge her father's death, a young woman becomes entangled in the web of the Fury, peacekeeper of the Paris criminal underworld.",/8sHKc6kNKjdhvHBP2c5zoSS16v5.jpg,fr,7.3,['FR'],tt11384300,2.0,Furies,Action & Adventure,2024.0,Chief Detective 1958,Furies,Safe Home,Tapie
23166,/nUu39i3tHHvzjmAEwCb0tem6U11.jpg,"Chris is on a mission to live better for longer. With the help of top scientists, he takes on six epic challenges to test mind and body to the max.",/mGrgY9FoZiJcwklEiEzyWD2DST1.jpg,en,8.1,"['GB', 'US']",tt11714334,4.0,Sans Limites Avec Chris Hemsworth,Documentary,2022.0,Sans Limites Avec Chris Hemsworth,Shuroop,"Ninjago, le soulèvement des dragons",Le livre de notre destin
23195,/9lwYGM97dBfu3lpCdt6VpohgjvV.jpg,"Tommy Egan leaves New York behind and plans to take on Chicago, using his outsider status to break all the local rules and rewrite them on his quest to become the biggest drug dealer in the city.",/cR0ursLXoT0zfX9XDGAzQRAnK0W.jpg,en,8.417,['US'],tt11761194,4.0,Power Book IV: Force,Crime,2022.0,Power Book IV: Force,Yakhanyeongung,Snowdrop,Welcome to Samdalri
23322,/2drdOi1VuQ773aJMnTWtRnCayAK.jpg,"The Bellflower Bunnies is an animated series based on the Beechwood Bunny Tales book series by Geneviève Huriet. The show debuted on the TF1 network with four episodes airing between December 24 and December 28, 2001. It is a co-production between France's TF1 and several Canadian companies.

The show centers on the adventures and exploits of the Bellflower family, a clan of seven rabbits who live in Beechwood Grove. The two adults in the family, Papa Bramble and Aunt Zinnia, take care of their five children: Periwinkle, Poppy, Mistletoe, Dandelion and Violette.",/vJj2zCjIg3R8BwuzuOYCKuLjC36.jpg,fr,8.0,"['FR', 'CA', 'LU']",tt1185090,2.0,La famille Passiflore,Animation,2001.0,La famille Passiflore,Gokusen,BeTipul,Engrenages
23403,/m72eyfKeYEtBJlALkt9FNdnNoBY.jpg,"Everything starts with a job opportunity presented to Captain Adem, who left the Special Forces. The doors of a new life have opened for the happy nuclear family that Adem created with his wife Nevin and their little daughter Ece. All Adem has to do is to protect Yasemin, the young wife of Timur, a rich and powerful businessman. For Adem, a former maroon beret, this job is almost child's play after all the dangerous operations he has participated in. Nevin is happy that they will finally be at peace. When Adem accepts the job offer, he and his family step into a completely different world to which they are unfamiliar.",/6b9vjHEXGWQkYIqR6PALpKmya9n.jpg,tr,8.667,"['TO', 'TR']",tt11896074,4.0,Yeni Hayat,Drama,2020.0,Yeni Hayat,Shen Yin Wangzuo,SPY×FAMILY,The Secret Life of Amy Bensen
23623,/zVtgdo5DWXThOUVLO48q98QWHay.jpg,"Two college students, Frances and Bobbi, forge a strange and unexpected relationship with a married couple.",/kk6kXltSgeAA1yWiRaZ1sOexm1V.jpg,en,7.3,['US'],tt11997646,4.0,Conversations with Friends,Drama,2022.0,Conversations with Friends,Tapie,Safe Home,Song of the Bandits
23629,/lM9LGo4qnpOl0l94hE0DLXbcaXn.jpg,"Panchayat is a comedy-drama, which captures the journey of an engineering graduate Abhishek, who for lack of a better job option joins as secretary of a panchayat office in a remote village of Uttar Pradesh. Stuck between crazy villagers and a difficult village lifestyle Abhishek starts his job with the sole motivation of getting out of there as soon as possible, for which he even prepares for CAT.",/A1csByBkxUkBAmnQB8CuuKDonWR.jpg,hi,8.0,['IN'],tt12004706,4.0,Panchayat,Comedy,2020.0,Panchayat,Génération Paname,Legacy,Black Mafia Family
26182,/PqIW7PA74YBURz5slZkxc0K5Pl.jpg,"When aristocratic Eddie inherits the family estate, he discovers that it's home to an enormous weed empire — and its proprietors aren't going anywhere.",/tw3tzfXaSpmUZIB8ZNqNEGzMBCy.jpg,en,7.894,['GB'],tt13210838,4.0,The Gentlemen,Comedy,2024.0,The Gentlemen,Citoyens clandestins,The Three-Body Problem,Juvenile Justice
26274,/8sdFdIdShfQboyyMNAMxnHGWEEe.jpg,"Mehdi, a qualified robber, and Liana, an apprentice thief, get involved in a turf war between drug dealers, and have to collaborate in order to save their loved ones.",/3E6IPkHH541ii41NKpU5loI4fcr.jpg,fr,7.2,['FR'],tt13278100,4.0,Braqueurs: La série,Crime,2021.0,Braqueurs: La série,Un caballero y una joven dama,Braqueurs,Entre Saisonniers
26275,/8sdFdIdShfQboyyMNAMxnHGWEEe.jpg,"Mehdi, a qualified robber, and Liana, an apprentice thief, get involved in a turf war between drug dealers, and have to collaborate in order to save their loved ones.",/3E6IPkHH541ii41NKpU5loI4fcr.jpg,fr,7.2,['FR'],tt13278100,4.0,Braqueurs,Crime,2021.0,Braqueurs: La série,Un caballero y una joven dama,Braqueurs,Entre Saisonniers
26325,/g84kSk58IOcHML6TpazdYVV6UCG.jpg,"In 1987, bloodied man Soo-ho jumps into a women's university dormitory in Seoul. Yeong-ro, a female student who fell in love with him at a group blind date, tends to his wounds as the dormitory is ensnared in intense surveillance. As Soo-ho's secrets unravel, he must eventually face the conflict between his heart to Yeong-ro and responsibility to his comrades, as well as to his sibling who awaits him in his home country. What will be of their fate?",/3AhTqNJVr1v7Jfplg8Y1YOzzdWE.jpg,ko,8.5,['KR'],tt13304700,4.0,Snowdrop,Drama,2021.0,Snowdrop,Yakhanyeongung,Welcome to Samdalri,Power Book IV: Force
26364,/4Cz7CI71yz2WcMAcKoX3AlxnCHS.jpg,"Idealist Public Prosecutor Selim Kara receives an offer he cannot refuse from the organized crime leader Selçuk Taşkın, whom he sent to prison 8 years ago. Selçuk Taşkın wants to testify in one of Prosecutor Selim's cases and his testimony will destroy the whole criminal organization. However, there is only one condition for this; the personal protection of his son, Akgün Gökalp Taşkın.",/6QV0oC2595tPeloQFnaIZdN1TEx.jpg,tr,8.3,['TR'],tt13322702,4.0,Son Yaz,Drama,2021.0,Son Yaz,Tozkoparan Iskender,The King: Eternal Monarch,"At a Distance, Spring Is Green"
27361,/sO0F9JRq7gTg1V7dZuinZ2jHGy9.jpg,"Follow the exploits of various guests and employees at an exclusive tropical resort over the span of a week as with each passing day, a darker complexity emerges in these picture-perfect travelers, the hotel’s cheerful employees and the idyllic locale itself.",/gH5i3JbnLsyTvcImlofNvXtH3i5.jpg,en,7.623,['US'],tt13406094,4.0,The White Lotus,Comedy,2021.0,The White Lotus,Mellangkollia,Le chemin de l'olivier,SAS Rogue Heroes
27413,/3Pojley5WbyRxQI7bsnJiRSAUCO.jpg,"The Masire brothers rule Johannesburg's criminal underworld, but a supernatural family curse and a tangled web of betrayal threaten to destroy them.",/vSM1FB86gr3QNelkk0jDovN5228.jpg,en,7.0,['ZA'],tt13453828,4.0,Kings of Jo'burg,Crime,2020.0,La Légende de Tang,Kings of Jo'burg,Jeux d'influence,Home
27421,/5nw1DrbpFuXTPARVcLe0PE65663.jpg,"Legacy is a South African telenovela which follows the wealthy Price household, a family at war with itself after the patriarch announces he is stepping down, creating a power vacuum.",/epnfSq33259jPpurPUXOrdrkWGg.jpg,en,8.0,['ZA'],tt13459400,4.0,Legacy,Soap,2020.0,Panchayat,Génération Paname,Legacy,Black Mafia Family
28266,/nXSgPvCYMtFYmZfVEoavJMmm2tC.jpg,"If Iskender, a 12-year-old archer with extraordinary abilities, does not return from 2020 to the time he lived, the course of history will change.",/z1QxafIMhZHQrUC9HDUyOPKIF43.jpg,tr,8.3,['TR'],tt13691134,4.0,Tozkoparan Iskender,Family,2021.0,Son Yaz,Tozkoparan Iskender,The King: Eternal Monarch,"At a Distance, Spring Is Green"
28317,/lysUnU6V0VfcthDbviuVlIqgHOR.jpg,"World peace is at stake and secret agent Twilight must undergo his most difficult mission yet—pretend to be a family man. Posing as a loving husband and father, he'll infiltrate an elite school to get close to a high-profile politician. He has the perfect cover, except his wife's a deadly assassin and neither knows each other's identity. But someone does: his adopted daughter, who's a telepath!",/3r4LYFuXrg3G8fepysr4xSLWnQL.jpg,ja,8.6,['JP'],tt13706018,4.0,SPY×FAMILY,Animation,2022.0,SPY×FAMILY,Shen Yin Wangzuo,Snowdrop,Welcome to Samdalri
28318,/mnCFpbPXSoJVqOJ4t0ShwCrFTCE.jpg,An unfathomable incident introduces a genius engineer to dangerous secrets of the world — and to a woman from the future who's come looking for him.,/xjnBtoMa9JNNL3adNTprAPVLWph.jpg,ko,7.08,['KR'],tt13715448,4.0,Sijipeuseu: The Myth,Sci-Fi & Fantasy,2021.0,Sijipeuseu: The Myth,Anna,Lopez contre Lopez,La Légende de Tang
28467,/kYEmV2zHHohPCLWYEkX07k9fllL.jpg,"What are you willing to do to support your family? If you are no longer a member of the family, do you do the right thing or wait for them to be destroyed?",/a2TufHiEbXVoMSSAGa8cKo5KQvH.jpg,fa,9.0,['IR'],tt13851804,4.0,Siyavash,Drama,2021.0,Siyavash,Siavash,The Empress of Ayodhaya,Dar Nsa
28468,/kYEmV2zHHohPCLWYEkX07k9fllL.jpg,"What are you willing to do to support your family? If you are no longer a member of the family, do you do the right thing or wait for them to be destroyed?",/a2TufHiEbXVoMSSAGa8cKo5KQvH.jpg,fa,9.0,['IR'],tt13851804,4.0,Siavash,Drama,2021.0,Siyavash,Siavash,The Empress of Ayodhaya,Dar Nsa
28642,/aGLAJddCYwKhnGZeJdtOEhBGYsr.jpg,"An unconventional relationship in a world on the cusp of change; a star newsreader and an ambitious reporter join forces in a ruthless 1986 newsroom, as events unfold that will change their lives.",/tW6pFsH04QrinknQKM26wtzLjia.jpg,en,8.0,['AU'],tt13925142,4.0,The Newsreader,Drama,2021.0,The Newsreader,Profession : reporter,Black Mafia Family,Les Invisibles
28643,/aGLAJddCYwKhnGZeJdtOEhBGYsr.jpg,"An unconventional relationship in a world on the cusp of change; a star newsreader and an ambitious reporter join forces in a ruthless 1986 newsroom, as events unfold that will change their lives.",/tW6pFsH04QrinknQKM26wtzLjia.jpg,en,8.0,['AU'],tt13925142,4.0,Profession : reporter,Drama,2021.0,The Newsreader,Profession : reporter,Black Mafia Family,Les Invisibles
29866,/8FKn2nxbWWRC8S4Y5CuBOICyZJy.jpg,"Forced to flee her underground sanctuary for Earth’s surface, Eva discovers a world unlike anything she expected. As she journeys across perilous terrain and unknown civilizations, Eva searches to answer the ultimate question: Is she the last human?",/8kkrmc41lTk6eT2osAMzd4W0cSI.jpg,en,7.523,['US'],tt14076044,4.0,The Search for WondLa,Sci-Fi & Fantasy,2024.0,The Search for WondLa,Burning Flames,Yozakura Family,Twins
30159,/u7OpeS4eckBSR1wFxFTuyy3FjHE.jpg,A road rage incident between two strangers — a failing contractor and an unfulfilled entrepreneur — sparks a feud that brings out their darkest impulses.,/4b4v7RnPhNyPEaVGFarEuo74r8W.jpg,en,7.8,['US'],tt14403178,4.0,Acharnés,Comedy,2023.0,My Happy End,Story of Kunning Palace,Acharnés,Akgwi
30327,/zIMWblj36xRkLHjAwFjZt1crdGZ.jpg,"Follows rookie police officers working in Belfast, a city in which being a frontline response cop comes with unique pressures and dangers.",/m0tIJkSXN0vUTLkYbuLAlskZjZ9.jpg,en,7.5,['GB'],tt14466018,4.0,Blue Lights,Crime,2023.0,Twins,Blue Lights,Burning Flames,Yozakura Family
30404,/s4IPlsWjQ8OZoujBcKK50DcTgbA.jpg,"A coming of age story about young people in their twenties and the problems they face in university. Nam Soo-hyun and Yeon Joo, two boys with contrasting personalities, unexpectedly become friends when they work on a project together.",/34x7p7y2Nbo3Khe49tplJz6AexR.jpg,ko,8.2,['KR'],tt14518430,4.0,"At a Distance, Spring Is Green",Drama,2021.0,"At a Distance, Spring Is Green",Kingdom,La maison de poupée de Gabby,Koi Desu: Yankee-kun to Hakujou Garu
30416,/4DTKH7meyXpgZgKL4ubkEsg5aSk.jpg,An ordinary entrepreneur joins a secret government mission to capture a Korean drug lord operating in South America.,/8ivM3YptVuFgumcZMjCMi28k2EF.jpg,ko,7.8,['KR'],tt14518692,4.0,Narco-Saints,Crime,2022.0,Narco-Saints,Acharnés,My Happy End,Story of Kunning Palace
30511,/q9YMrttdpTLjeyNqDBp14EgMUYc.jpg,"A group of young adults working at a paradisiac resort live an unforgettable summer as they discover love, true friendships and devastating secrets.",/4FsjdxJYhOYxJUp32KqZw9Mn7i2.jpg,pt,7.2,['BR'],tt14655298,4.0,Entre Saisonniers,Drama,2022.0,Entre Saisonniers,Remarriage & Desires,Braqueurs,Braqueurs: La série
30824,/84Z6N0ljUXzOFpyLSOfMUSIj36v.jpg,"The story of a working-class, old-school Latino father who moves in with his modern Gen Z daughter as they rebuild their dysfunctional relationship one argument at a time.",/b9Wi3P36R1p4QV0vyBSIvoQ8qNH.jpg,en,7.133,['US'],tt14852960,4.0,Lopez contre Lopez,Comedy,2022.0,Lopez contre Lopez,Anna,Dhootha,"The Chef, la série"
30889,/5nAikDmnio7SuBFg4KIpC3c50UL.jpg,"Three friends arrive in a seaside town, where they connect with their spiritual selves and suddenly face unresolved trauma from their families' pasts.",/zogTjQRIJsmg8yvIo8gDLtp65th.jpg,tr,7.6,['TR'],tt14899624,4.0,Le chemin de l'olivier,Drama,2022.0,SAS Rogue Heroes,Le chemin de l'olivier,Summer Strike,Les Enquêtes sauvages
31022,/qjt4tu9hamn7B5U4GYek8UOCNJ3.jpg,"In the twelve years of Tianbao, Kong Hongjun, a handsome young man who is not familiar with the world, left the Yaojin Palace on the Taihang Mountain with three important tasks, and came to Chang'an, which is full of prosperity. Kong Hongjun first entered the Datang Exorcism Division, and the head supervisor was actually Long Wujun general Li Jinglong who had dealt with it not long ago. But he accidentally broke the Chen's heart lamp, and the heart lamp entered Li Jinglong's body. In the light and shadow of the lamp, there are the bright red lights of Pingkangli, the exorcism of the sycamore in the summer sunshine, the vast sky and sand and flying snow, the peaceful singing of Artai. Mo Rigen and Lu Xu picked off early morning leaves, Qiu Yongsi's flying strokes. Adaptation of Fei Tian Ye Xiang's (非天夜翔) web novel of the same name.",/dbHRopNK0TCeT1lzQSZxjscUUWe.jpg,zh,7.0,['CN'],tt14994658,4.0,La Légende de Tang,Animation,2020.0,La Légende de Tang,Kings of Jo'burg,Jeux d'influence,Home
31059,/2lzsmQw7IQFuhngIRIp3aocEwyC.jpg,"Join your favorite ""CoComelon"" characters on imaginative adventures as they explore feelings — and the world around them — in this story-driven series.",/l5SRYNMkc8NOxQe0E0jNUrdxOR6.jpg,en,7.6,['US'],tt15040002,4.0,Cocomelon Lane,Animation,2023.0,Cocomelon Lane,Toute la lumière que nous ne pouvons voir,Le chemin de l'olivier,SAS Rogue Heroes
31180,/3Fvrl7H2m2CP1IFBnVamCsrvKLq.jpg,"A sexual scandal between a math teacher and a student in a prestigious high school ended in tragedy. 4 years later they meet again, now as adults, to reveal the corruptions in school and to regain one's reputation as a teacher.",/cn3CIR5LaKubPmzOv5jsxcQQwkZ.jpg,ko,7.6,['KR'],tt15146242,4.0,Mellangkollia,Drama,2021.0,Mellangkollia,The White Lotus,Le chemin de l'olivier,SAS Rogue Heroes
31794,/cTIfK6Vdp4B1fljaRFjMWrzavC.jpg,"Through an exclusive matchmaking agency, women strive to marry a desirable bachelor and into the highest echelon of society.",/hqABG0jPug0NoFpCcJYAtrRdIk3.jpg,ko,7.2,['KR'],tt15268768,4.0,Remarriage & Desires,Drama,2022.0,Entre Saisonniers,Remarriage & Desires,Braqueurs,Braqueurs: La série
32058,/zJ4MVqFge0XnrDnpjo6l6Mz7lmz.jpg,A blind French girl and a young German soldier's paths collide during WWII.,/5vctOvdEXakZWTJrP8bgPEoCbqS.jpg,en,7.565,['US'],tt15320362,4.0,Toute la lumière que nous ne pouvons voir,Drama,2023.0,Toute la lumière que nous ne pouvons voir,Cocomelon Lane,Le chemin de l'olivier,SAS Rogue Heroes
32094,/hfTkwpu4JFM7a8Vx6oFqDYnl4Gc.jpg,"The three worlds of humans, gods, and demons are balanced by energy. But in the 21st century, due to the rapid development of human society, the balance is lost.",/8qUZFGisOwmiE9qbcvhu6qrBtk9.jpg,zh,7.1,['CN'],tt15393416,4.0,Sacrée galère!,Animation,2019.0,Sacrée galère!,Anna,Sijipeuseu: The Myth,Jeux d'influence
32339,/e5X9BRZ7kJ7bQmaTa3m1ckpglz5.jpg,"Lee Young Kook is a widower with three children. He still hasn’t gotten over the death of his wife. He decides to hire Park Dan Dan as a live-in tutor for his kids and he becomes attracted to her. Meanwhile, Park Dan Dan has bright and positive personality despite her harsh situation.",/vyahc0o4Xfbw0pZdz5QiqXxDRNH.jpg,ko,7.2,['KR'],tt15514606,4.0,Un caballero y una joven dama,Comedy,2021.0,Braqueurs: La série,Un caballero y una joven dama,Braqueurs,Entre Saisonniers
32389,/nVvn89XVd5IRLbcra5BcYcWbH9I.jpg,"Special agents Sam and Kit hop the globe with their sleuthing skills, science facts and cool gadgets to solve the animal kingdom's many mysteries.",/tFi3nx53Dfwa5YOd4J2VnIXpqBk.jpg,en,7.6,['GB'],tt15527326,4.0,Les Enquêtes sauvages,Kids,2022.0,SAS Rogue Heroes,Le chemin de l'olivier,Summer Strike,Les Enquêtes sauvages
32390,/juiHpROgZPM72lavNvRJumPLVi6.jpg,"Yukiko Akaza attends a high school for blind. She has amblyopia, which causes her to recognize colors only vaguely and she can recognize large letters with a magnifying glass. When she walks outdoors, she always carries a white cane. Nevertheless, she has a bright personality. One day, Yukiko happens to meet delinquent boy Morio Kurokawa. At first, Yukiko doesn't like him, but she somehow gains an understanding of him. They become attracted to each other.",/3iJhC6lrzoqk4vNW4M63O6G4Yvg.jpg,ja,8.1,['JP'],tt15548244,4.0,Koi Desu: Yankee-kun to Hakujou Garu,Drama,2021.0,Koi Desu: Yankee-kun to Hakujou Garu,La maison de poupée de Gabby,Sans Limites Avec Chris Hemsworth,Shuroop
32394,/eW6CqrGSRUk6xMbdCjreMQiP5W8.jpg,A tough judge balances her aversion to minor offenders with firm beliefs on justice and punishment as she tackles complex cases inside a juvenile court.,/xH2wTVlsUlYeFEOVGFDaamHkMCm.jpg,ko,7.9,['KR'],tt15553922,4.0,Juvenile Justice,Drama,2022.0,Juvenile Justice,The Three-Body Problem,Citoyens clandestins,The Gentlemen
32815,/37cfVRhYW9ylMqH0ok1sSZXcWWN.jpg,Two men from prominent families vie for the affections of a beautiful yet dangerous woman.,/13JdedQwxn9hhTM3wFbZL12aFfU.jpg,es,7.316,['CO'],tt1612716,4.0,Rosario Tijeras,Action & Adventure,2010.0,Rosario Tijeras,Borgia,Salamandre,Ministères
33378,/lE501tGuJt5rgPsbdYxmbh3vGWx.jpg,"A junior high school student named Rinko becomes partners with a rabbit Jewelpet named Ruby. Together they try to find the Jewel Charms that dropped from Jewel Land into the world of the humans. Along with their friends, Rinko and Ruby help others solve their problems while using the magic of Jewelpets.",/750II7VWRTSedLfpv7n6L1iVNLC.jpg,ja,8.8,['JP'],tt1642495,4.0,Jewelpets: Le royaume des bijoux,Animation,2009.0,Jewelpets: Le royaume des bijoux,19-2,Kozak,Jan Hus - Rebelle jusqu'au bûcher
34404,/4phoBYckOcCVo4jpJlJ4QLz1Wh8.jpg,"The name Borgia stands for betrayal, intrigue and corruption in the Vatican, which was the center of the world during the Renaissance.",/rhphgkv2dl7qgnq4pGfQGWVSJSy.jpg,fr,7.3,['FR'],tt1736341,2.0,Borgia,Action & Adventure,2011.0,Borgia,Salamandre,Rosario Tijeras,Ministères
34558,/iSNiGi1qczYB89ECvJta7Cr0Jk6.jpg,"Fatmagül'ün Suçu Ne? is a Turkish television drama series produced by Ay Yapım and broadcast on Kanal D. The series is based on Vedat Türkali's novel, Fatmagül'ün Suçu Ne?, which was made into a film in 1986. The series is written by duo Ece Yörenç and Melek Gençoğlu. The soundtrack was done by Toygar Işıklı.",/uMReevzWx5tpymcSuPQF588DTdq.jpg,tr,8.028,['TR'],tt1783916,4.0,Fatmagül'ün Suçu Ne?,Family,2010.0,Fatmagül'ün Suçu Ne?,Violetta,Master's Sun,Molusco
34861,/rH7lXeUNrRpvOLMPCwFSfXRBCV7.jpg,"19-2 is a riveting French-language Canadian drama series set in Montreal. The show follows two police officers, seasoned veteran Nick Barron and rural newcomer Ben Chartier, as they navigate the challenges of working in the 19th precinct. Despite their contrasting approaches to policing, the duo forms a strong partnership while facing dangerous criminals, corruption within the force, and their personal struggles. As the series unfolds, it delves into the emotional and psychological impact of their demanding profession, providing an authentic look into the lives of law enforcement officers.",/tDSZTZwicvFbgZF6QpTFGQJue9r.jpg,fr,8.6,['CA'],tt1840973,4.0,19-2,Crime,2011.0,19-2,Jewelpets: Le royaume des bijoux,Mon amour venu des étoiles,Section de recherches
35211,/mvmOcBT0WhyRmSpkhhBgdtp7GSL.jpg,"Aziraphale, an angel, and Crowley, a demon, join forces to find the Antichrist and stop Armageddon.",/1ibIjP6puA4y2SfCn9icSehHrBu.jpg,en,8.053,['GB'],tt1869454,4.0,Good Omens,Sci-Fi & Fantasy,2019.0,Good Omens,You,Panchayat,Legacy
35698,/qB7yhnWBQ2oiaG2PZ3N3zFFm5L3.jpg,"Journalist Sagar's life turns thrilling as he unravels dark secrets behind newspaper clippings predicting tragedies. He becomes a murder suspect, racing against time to clear his name and solve the enigma and faces dangerous twists. Suspense builds in this roller-coaster ride.",/jMegWqCj8z58na8RG8ytlPJ7gGm.jpg,te,7.1,['IN'],tt19868374,2.0,Dhootha,Mystery,2023.0,Dhootha,"The Chef, la série",L'amour trompé,Lopez contre Lopez
35772,/5TRlH9CsSbmUlpS2kaXEyETPiLr.jpg,"Six thousand years ago, the Demon God appeared and creatures were turned into demons. The mankind created six Temples to fight the demons. Long Haochen joins the Knights Temple. As he grows, an adventure unfolds. He wins the recognition of others and fights with the Six Temples against the demons for the sake of human beings. He sacrifices himself to protect the people. Could Long win the Throne of Seal and be granted the highest honor in the Knights' Temple? All remained to be revealed.",/ehRRWs1EfeYiX4ysLLapWeKG4Pq.jpg,zh,8.6,['CN'],tt19902148,4.0,Shen Yin Wangzuo,Animation,2022.0,SPY×FAMILY,Shen Yin Wangzuo,Snowdrop,Welcome to Samdalri
35840,/q5mJ4oKfGc6Cr9reIHFzD0pQzre.jpg,"Yeon Shi-eun is a model student, who ranks at the top at his school. Physically, he appears like a weak boy, but, by using his smarts, tools, and psychology, he fights against violence that takes place inside and outside of his school.",/xRw3akJQdfgqx0x4fiHW7nIkEUJ.jpg,ko,8.462,['KR'],tt20234568,4.0,Yakhanyeongung,Action & Adventure,2022.0,Yakhanyeongung,Power Book IV: Force,Snowdrop,Welcome to Samdalri
35841,/zxfBtHz5UmSTfIEC4O4GngyjHwa.jpg,"Nanotechnology researcher Wang Miao is taken to the Joint Operations Center by police officer Shi Qiang, who's investigating the mysterious suicide wave among scientists worldwide,  and recruited to sneak into an organization called the Frontiers of Science to help the investigation. When Wang Miao is contacted by the leader of the organization, Shen Yufei, she introduces him to a sophisticated VR video game called Three-Body, but soon he discovers that it's more than just a game.",/buXHm2shttFRQIBsCFlv5L2TmKh.jpg,zh,7.873,['CN'],tt20242042,4.0,The Three-Body Problem,Drama,2023.0,The Three-Body Problem,The Gentlemen,Juvenile Justice,Citoyens clandestins
36035,/xD7G0DquGnsVXKUCm9bFbw5jozT.jpg,"First crushes, first kisses, fun with friends — and feuds with rivals. In the halls of Galileo Galilei Middle School, every day is full of surprises!",/slaBZ9hzYXT9hvZJOHbYC2S84sT.jpg,it,7.398,['IT'],tt20449034,4.0,Ag3nda,Kids,2022.0,Ag3nda,Entretien avec un vampire,Biao Ren,Perfect Marriage Revenge
36382,/dTn10yv1GZUfuLSJK50H0eU7DxD.jpg,"Set in the late 1920s, it follows the three daughters of Shanghai department store giant Xinghua as they go head to head against each other to determine the true heir who will ensure the family’s continued prosperity.",/899woa0QtAaBP8pJavADxrwhPP7.jpg,zh,8.0,['CN'],tt21073486,4.0,Legacy,Drama,2022.0,Gülümse Kaderine,Legacy,Black Mafia Family,Profession : reporter
36449,/q5mivz51vafoipM3VzwOp9Cv2AC.jpg,"In the heart of London, an anonymous phone call draws two brilliant detectives—a young woman in the early stages of her career and a well-connected man determined to protect his legacy—into a fight to correct an old miscarriage of justice.",/xUj3YCz3exVDV2iLZus0nUV6HNw.jpg,en,7.026,['GB'],tt21088136,4.0,Criminal Record,Crime,2024.0,Criminal Record,"Les camps, secret du pouvoir chinois",Strife,"Les camps, secret du pouvoir chinois - Laogai, le goulag chinois"
36546,/501qzF4JUzYOvtehBRJ7pehhPxK.jpg,Twenty-something Phoebe leaves her job at a prominent law firm to work at a family violence legal centre. Pressure mounts to save the centre as relationships are tested.,/bLTnmuKNzWmSR83WlMjQ7X44Pc4.jpg,en,7.3,['AU'],tt21132302,4.0,Safe Home,Drama,2023.0,Safe Home,Tapie,Song of the Bandits,Chief Detective 1958
36584,/gnUcWFVBdwz8ZdYgT7LieSxIzWF.jpg,"Mueang, an outspoken eco-warrior geologist, and Apo, a distressed architect, share a passionate night. Later, Mueang learns she’s his father’s fiancée, leading to one big “it’s complicated” romance.",/muxi2YscxqIson3txhwm93QvFEW.jpg,th,8.5,['TH'],tt21261184,4.0,Love at First Night,Comedy,2024.0,Love at First Night,Welcome to Samdalri,La Reine des larmes,Yakhanyeongung
36754,/hZEHF0t2q7XDOkAn1HiSyblpD96.jpg,"In the lawless land of Gando, fierce bandits will stop at nothing to fight for their precious homeland and loved ones — even if it means life or death.",/4lls2JCt9g1YiusX3xLVSdSZ6cO.jpg,ko,7.265,['KR'],tt21627436,4.0,Song of the Bandits,Action & Adventure,2023.0,Song of the Bandits,Safe Home,Tapie,Relève-toi!
36913,/xuFNUGqEJ4cKNR7eKCowhDruhSd.jpg,"A musically talented teenager returns to her native Buenos Aires with her father, Herman, after living in Europe for several years, navigating the trials and tribulations of growing up.",/b3MUGJeKakAZwQa7lNJxTP1pJmD.jpg,es,8.1,['AR'],tt2171665,4.0,Violetta,Family,2012.0,Violetta,Hanzawa Naoki,Master's Sun,Fatmagül'ün Suçu Ne?
37034,/mZOw5cBXPDfSv1T8IFWsWi8Wktp.jpg,Closet witch Diana Bishop and centuries-old vampire Matthew Clairmont are drawn into a deadly mystery and forbidden romance when a magical book shows up in an Oxford library.,/l7MUpFAE8UEWYnO2Uv7SFtdZ2OJ.jpg,en,7.809,['GB'],tt2177461,4.0,Le livre perdu des sortilèges: A Discovery of Witches,Sci-Fi & Fantasy,2018.0,Le livre perdu des sortilèges: A Discovery of Witches,Les enquêtes de Toby et Teri,Kalp Atisi,Le professeur du Cauchemar
37059,/kn9eKTLbLzsw9OCwRpMumXM4i3W.jpg,"Set in a parallel universe, Real Humans imagines a world where robots have become so human that they're barely distinguishable from real humans and follows the resulting emotional effects on two families as well as the trials of a group of robots who have attained free will and want their freedom from human ownership.",/ps9LymVYTVGcNpAvgqzx2RwwK0Z.jpg,sv,7.6,['SE'],tt2180271,4.0,Real Humans (100% Humain),Drama,2012.0,Real Humans (100% Humain),Rita & Whatsit,"Molly, une femme au combat",Au service de la France
37152,/uNuefYqItf0KuH2tPyIGQ286IUj.jpg,"After losing her entire family, Amy has spent several years on the run from unknown danger. When she meets Liam on a flight she has no idea her life is about to change, for his part Liam plans to help her whether she likes it or not.",/a3eEk7PKWTiSdkU9p77e55KFxE9.jpg,en,8.75,['US'],tt21876442,4.0,The Secret Life of Amy Bensen,Drama,2022.0,The Secret Life of Amy Bensen,Yeni Hayat,Shen Yin Wangzuo,SPY×FAMILY
37411,/oB3SctZyR8zlWQhFUSMn8tPWnSh.jpg,A woman possessed by an evil spirit and a man who can see evil spirits uncover the secrets of mysterious deaths surrounding five spirits.,/o2Sk7VEZpR5WOCjtjO6ClGBKSji.jpg,ko,7.8,['KR'],tt22263470,4.0,Akgwi,Mystery,2023.0,My Happy End,Story of Kunning Palace,Acharnés,Akgwi
37423,/uj8DokshBfXWiM64iEXrEldyr39.jpg,"A spirited queen tries to rein in her rowdy sons in order to make one of them the next king of Joseon, while her competitors vie to snatch the throne.",/817aakHe145GTVEi6LzxHSBpbth.jpg,ko,8.1,['KR'],tt22265394,4.0,Shuroop,Drama,2022.0,Sans Limites Avec Chris Hemsworth,Shuroop,"Ninjago, le soulèvement des dragons",Le livre de notre destin
38244,/sFuMSmk1ut9OQVGdED76Sk7FH9g.jpg,"To marry the girl he loves, the hero tames a bull that belongs to her with deceptive tricks. His frivolous act rekindles the bygone animosity between the families that prompts several problems.",/2e34tCqQfN477xoOrCEsfvFNRNh.jpg,ta,7.5,['IN'],tt22771498,4.0,Pettaikaali,Action & Adventure,2022.0,Pettaikaali,Unlock My Boss,Blue Lights,Twins
38256,/iWLDTXnT8aTGiuQo6dZrgQ0PyKU.jpg,"Eight months after her mentor Andy Jones suffered a heart attack, Head Chef Carly is battling to forge a name for new London restaurant Point North alongside her old kitchen crew. With the pressure to draw in new, hungry customers and the financial squeeze to keep the business profitable, the team must find a way to manage their complicated personal lives whilst creating quality food day in, day out.",/5W6z0r3CsN4P5Ra7AWCLQtCU7D8.jpg,en,7.1,['GB'],tt22889176,4.0,"The Chef, la série",Drama,2023.0,Dhootha,"The Chef, la série",L'amour trompé,Lopez contre Lopez
38294,/ut4CJA0ykxXkBPPiJelqeSZ5WQb.jpg,"Five very different students navigate life at the Capuchin seminary, facing tough questions of faith under the guidance of a freethinking priest.",/3jdNa6OJd4gbWNNJibj8XTCb27g.jpg,fr,7.4,['FR'],tt2303170,4.0,Ainsi soient-ils,Drama,2012.0,Ministères,Ainsi soient-ils,Salamandre,Borgia
38295,/ut4CJA0ykxXkBPPiJelqeSZ5WQb.jpg,"Five very different students navigate life at the Capuchin seminary, facing tough questions of faith under the guidance of a freethinking priest.",/3jdNa6OJd4gbWNNJibj8XTCb27g.jpg,fr,7.4,['FR'],tt2303170,4.0,Ministères,Drama,2012.0,Ministères,Ainsi soient-ils,Salamandre,Borgia
38425,/nvA3hsVYYjtLhp14KgmqEfGTRmQ.jpg,"A 30,000 Crore crime nexus is being ruled by the unattainable Thalaivan right in the heart of Mumbai, in Dharavi. JCP Jayant Gavaskar is on a mission to bring down Thalaivan and his adversaries, at any cost.",/uL54l2L1Jynqcq26LVZrp5GV6pE.jpg,hi,7.0,['IN'],tt23333666,4.0,Dharavi Bank,Crime,2022.0,Dharavi Bank,"Les camps, secret du pouvoir chinois","Les camps, secret du pouvoir chinois - Laogai, le goulag chinois",Strife
39074,/rY6EIyYDnfZqf033mgHBPA0MgGF.jpg,"After getting dumped by her boyfriend and losing her mother in an accident, Yeo-reum decides to move to a small village to do nothing.",/ge4M0QHCfegOETAkjAKZroo82Rr.jpg,ko,7.6,['KR'],tt23788642,4.0,Summer Strike,Drama,2022.0,SAS Rogue Heroes,Le chemin de l'olivier,Summer Strike,Les Enquêtes sauvages
39080,/fXQEjHH26D0nmVA7I8J3BS4DKHs.jpg,"The narrative of Dilan, whose aspirations and hopes were dashed on the one hand, and Baran, who had to marry to stop the feud and save her brother from this cycle on the other. This marriage, however, is a prison for the two of them, and his uncle, who is jealous of his wealth, wishes to renew the rivalry. This conflicted relationship will cause strong winds to blow between two hearts; will this marriage become a true marriage?",/o6tosm7V0SMBlI1KsTUxPM9Papp.jpg,tr,7.7,['TR'],tt23791028,4.0,Kan Çiçekleri,Drama,2022.0,Kan Çiçekleri,The Cleaning Lady,Lupin,The White Lotus
39756,/bJfkWXQDKLEdEzwakrEArAqtISP.jpg,"At the brink of his death, the CEO and founder of an IT company's spirit gets stuck inside a smartphone and enlists the help of a young man to do favors on his behalf in exchange for 10 billion won.",/8SmsIBU2v4AWNNhFi5qfSUOT4ZN.jpg,ko,7.5,['KR'],tt24082562,4.0,Unlock My Boss,Comedy,2022.0,Pettaikaali,Unlock My Boss,Blue Lights,Twins
40158,/xCAqRqcmVcwOAv8sJrnoiMtXEvj.jpg,"Border Security: Canada's Front Line is a Canadian television program produced by Force Four Entertainment that airs on the National Geographic Channel. The show follows the work of officers of the Canada Border Services Agency as they enforce Canadian customs, quarantine, immigration and finance laws.",/3w7LkYjRj1g2ZrGoKPso1p6gqWO.jpg,en,10.0,['CA'],tt2518480,4.0,Douanes sous haute surveillance : Canada,Crime,2012.0,Douanes sous haute surveillance : Canada,Affaires étrangères,You Only Go Around Once,Taj
40238,/aY7zv2pfk9H0QxaaL3PBjvalbKQ.jpg,"Inspired by the adventures of Arsène Lupin, gentleman thief Assane Diop sets out to avenge his father for an injustice inflicted by a wealthy family.",/l220jMmURQUTzgkFuf6u8YpYs84.jpg,fr,7.7,['FR'],tt2531336,2.0,Lupin,Crime,2021.0,Lupin,Kan Çiçekleri,The Cleaning Lady,The White Lotus
40763,/qL6PiHIo87S1sy7cg18QDhFnHPd.jpg,A police inspector investigates the robbery of 66 safe deposit boxes at a private bank in Brussels.,/24zaZItiCkFArDILOvln5q2Kp34.jpg,nl,7.3,['BE'],tt2569488,4.0,Salamandre,Crime,2012.0,Salamandre,Borgia,Rosario Tijeras,Ministères
41430,/jDKnarp1Bcs7sZE8zeCUDBU4bHb.jpg,"After suffering a fall from grace, a photographer returns to her hometown and bumps into her childhood friend — rekindling an unfinished romance.",/98IvA2i0PsTY8CThoHByCKOEAjz.jpg,ko,8.5,['KR'],tt26653824,2.0,Welcome to Samdalri,Drama,2023.0,Welcome to Samdalri,Love at First Night,Yakhanyeongung,Snowdrop
41494,/juXVrBTNzYZcUsdBveNMHEEaB4R.jpg,"After turning 60, a wealthy woman suddenly falls in love with an attractive and much younger man, but her family raises doubts about his intentions.",/AgKGqINmSEkZExekGCMH68KMSmE.jpg,it,7.1,['IT'],tt27031470,4.0,L'amour trompé,Drama,2024.0,L'amour trompé,"The Chef, la série",Dhootha,Criminal Record
41698,/xjraGFNinYDENVPbpevrLoVTxfQ.jpg,"The comedic drama series tells the story of a modern, imperfect woman and publisher named Evelyn Jones, played by acclaimed Australian actress Asher Keddie, and her journey from lounge room blogger to becoming a force in women’s media.",/ugYEkoRdlB6MRqv5gvSlNQyjSJv.jpg,en,7.0,['AU'],tt27162696,4.0,Strife,Drama,2023.0,"Les camps, secret du pouvoir chinois - Laogai, le goulag chinois","Les camps, secret du pouvoir chinois",Strife,"Les camps, secret du pouvoir chinois - La surveillance totale"
41714,/uckLReDFpSKNnSSGZdErQxR8qQU.jpg,"After the founding of the People's Republic of China in 1949, Mao Tsetung established a system of labor camps for systematic repression, known as Laogai, an abbreviation for ""Reform Through Labor"". In such camps, forced labor and physical and mental torture were used to bring about a so-called mental reform, re-education in the spirit of the Chinese Communist Party. Millions of Chinese were affected. Many were executed. In hundreds of camps, the Party took advantage of the prisoners' free labor to build the economy. Self-criticism and denunciation were often the only way to escape martyrdom. Successive waves of purges culminated in the Cultural Revolution, which saw massive human rights abuses, political assassinations, massacres, and exiles in remote parts of the country. Using unreleased archive footage, the documentary tells the story of the invention, development and improvement of China's totalitarian system of surveillance and repression up to the present day, never told before.",/rRZwCAzKMuqLZ0zTtf633jPO1qx.jpg,fr,7.0,['FR'],tt27206654,2.0,"Les camps, secret du pouvoir chinois",Documentary,2023.0,"Les camps, secret du pouvoir chinois - Laogai, le goulag chinois","Les camps, secret du pouvoir chinois",Strife,"Les camps, secret du pouvoir chinois - La surveillance totale"
41715,/uckLReDFpSKNnSSGZdErQxR8qQU.jpg,"After the founding of the People's Republic of China in 1949, Mao Tsetung established a system of labor camps for systematic repression, known as Laogai, an abbreviation for ""Reform Through Labor"". In such camps, forced labor and physical and mental torture were used to bring about a so-called mental reform, re-education in the spirit of the Chinese Communist Party. Millions of Chinese were affected. Many were executed. In hundreds of camps, the Party took advantage of the prisoners' free labor to build the economy. Self-criticism and denunciation were often the only way to escape martyrdom. Successive waves of purges culminated in the Cultural Revolution, which saw massive human rights abuses, political assassinations, massacres, and exiles in remote parts of the country. Using unreleased archive footage, the documentary tells the story of the invention, development and improvement of China's totalitarian system of surveillance and repression up to the present day, never told before.",/rRZwCAzKMuqLZ0zTtf633jPO1qx.jpg,fr,7.0,['FR'],tt27206654,2.0,"Les camps, secret du pouvoir chinois - La surveillance totale",Documentary,2023.0,"Les camps, secret du pouvoir chinois - Laogai, le goulag chinois","Les camps, secret du pouvoir chinois",Strife,"Les camps, secret du pouvoir chinois - La surveillance totale"
41716,/uckLReDFpSKNnSSGZdErQxR8qQU.jpg,"After the founding of the People's Republic of China in 1949, Mao Tsetung established a system of labor camps for systematic repression, known as Laogai, an abbreviation for ""Reform Through Labor"". In such camps, forced labor and physical and mental torture were used to bring about a so-called mental reform, re-education in the spirit of the Chinese Communist Party. Millions of Chinese were affected. Many were executed. In hundreds of camps, the Party took advantage of the prisoners' free labor to build the economy. Self-criticism and denunciation were often the only way to escape martyrdom. Successive waves of purges culminated in the Cultural Revolution, which saw massive human rights abuses, political assassinations, massacres, and exiles in remote parts of the country. Using unreleased archive footage, the documentary tells the story of the invention, development and improvement of China's totalitarian system of surveillance and repression up to the present day, never told before.",/rRZwCAzKMuqLZ0zTtf633jPO1qx.jpg,fr,7.0,['FR'],tt27206654,2.0,"Les camps, secret du pouvoir chinois - Laogai, le goulag chinois",Documentary,2023.0,"Les camps, secret du pouvoir chinois - Laogai, le goulag chinois","Les camps, secret du pouvoir chinois",Strife,"Les camps, secret du pouvoir chinois - La surveillance totale"
41914,/3OLeiLbTdNFovd2zyBn2xgR8UWY.jpg,"A fallen queen, Jiang Xuening who aspired to have the highest power and authority in her life was held hostage by rebels after the king, Shen Jie was poisoned. In this life, she used everyone around her to reach the authority of the queen but in the end, she remained under house arrest and Xie Wei slaughtered the entire city. Later, she received the decree to be buried with the emperor. She got a second chance to change her fate by not entering the palace but when she woke up after rebirth, she was already messing around. Even though she vowed not to enter the palace, a certain turn of events again entangles her with the palace and Xie Wei whom she hated the most.",/hS7udvNJxgg9US5MoNq2fvkyR2X.jpg,zh,7.8,['CN'],tt27458928,4.0,Story of Kunning Palace,Drama,2023.0,My Happy End,Story of Kunning Palace,Acharnés,Akgwi
42071,/p1P0QJ3cqeBnODfyQd2ceEZ23KQ.jpg,Two teenagers from different worlds use their newly discovered Ninja powers to defend dragons from villains who want to use their life-force for evil.,/aUOgcqXVy7tSus5u6OJeB1pB8uL.jpg,en,8.1,['US'],tt27502465,4.0,"Ninjago, le soulèvement des dragons",Animation,2023.0,Le livre de notre destin,"Ninjago, le soulèvement des dragons",Dead Dead Demons Dededede Destruction,Sans Limites Avec Chris Hemsworth
42262,/wcP3FsRLog4GNEs9PFrDKKQdcof.jpg,The queen of department stores and the prince of supermarkets weather a marital crisis—until love miraculously begins to bloom again.,/7ZXLZ3KYL3IVvsSHBZaHjcNQzNU.jpg,ko,8.4,['KR'],tt27668559,4.0,La Reine des larmes,Drama,2024.0,La Reine des larmes,Power Book IV: Force,Love at First Night,Yarin Yokmus Gibi
42945,/xNqxSY1YjWUSmxXm0Re8q2Ei6qe.jpg,A relentlessly ambitious working-class man becomes one of France's most controversial public figures in this fictionalized biopic about Bernard Tapie.,/mOYqoV3mxrm1dr4FZ5liCtVQecM.jpg,fr,7.3,['FR'],tt27921612,2.0,Tapie,Drama,2023.0,Safe Home,Tapie,Song of the Bandits,Chief Detective 1958
42975,/jJMfTkvU2exHwCFoBHsIqwaHImh.jpg,A lawyer bound by a centuries-old curse becomes entangled with a civil servant who holds the key to his freedom — igniting an unexpected romance.,/fMiLKTIFB7YCBQSYoTJ7NCrPcD6.jpg,ko,8.1,['KR'],tt27974068,4.0,Le livre de notre destin,Drama,2023.0,Le livre de notre destin,"Ninjago, le soulèvement des dragons",Dead Dead Demons Dededede Destruction,Sans Limites Avec Chris Hemsworth
43043,/ujL9TvhFtiJzsbv30Fg44RvAWoW.jpg,"The peaceful life of the members of the Rabbani family undergoes changes with the unwanted entry of a snake, the discovery of an exquisite manuscript and a mysterious hole...",/bTjzKKkYbeTHVITiKnIZlnisr0W.jpg,fa,10.0,['IR'],tt28100331,4.0,You Only Go Around Once,Comedy,2023.0,You Only Go Around Once,Taj,Tozkoparan Iskender Gölge,Douanes sous haute surveillance : Canada
43244,/nHTuJxq3hoA6zRTcxQjRczeniAx.jpg,"A extraordinary guard walks in the desert of the Western regions. On the way escaping the killing by the government, he took a guarding task with destination to the capital Chang 'an. The task was thought as just a simple one, but actually it is a road full of crisis and danger. A journey affecting the fate of the world begins......",/ck4VbauqthkMldF661byC693ify.jpg,zh,7.4,"['US', 'CN']",tt28259824,4.0,Biao Ren,Animation,2023.0,Biao Ren,Perfect Marriage Revenge,Entretien avec un vampire,Ag3nda
43336,/hbPUaAY6YQOmqMdwd5qm6JavqGk.jpg,A legendary hitman trained to become the world's best assassin is asked to lay low for a year by the head of his crime family.,/aQeVABaQ7gZedtmtDRwhrgOQwgq.jpg,ja,7.7,['JP'],tt28329410,4.0,Za Faburu,Animation,2024.0,Za Faburu,Kan Çiçekleri,The Cleaning Lady,My Happy End
43477,/wwJ5jO4ZCFWG3JmYoO24y0YjIpY.jpg,"In ancient times, the Yun clan appeared in the world and was able to control the power between heaven and earth. While other races had previously bowed to this power, the human King Xin chose a different path and challenged the overwhelming power as a mortal. However, when he lost to Ditian, the king of the Yun clan, he perished in battle. At the cost of her life, the princess protected Prince Wu Geng from being chased by the Yun clan.

Prince Wu Geng, filled with grief and resentment, was reduced to a low-level slave in a mine in Pingyang. However, he was determined to restore his country, oppose the Yun clan, and avenge his family. With the help of Fu Xi, the high priest of the Shenyin Ministry, Prince Wu Geng sought out allies for his quest to take down the Yun Clan and win back his freedom.",/fIN9thyODZXqpp1Qega3NL37cLw.jpg,zh,7.5,['CN'],tt28455470,4.0,Burning Flames,Drama,2024.0,Burning Flames,Yozakura Family,The Search for WondLa,Twins
43833,/i3VsZ816Hf6z96REOohkwxCWj4z.jpg,"Hanzawa Naoki works as a loan manager at the Osaka Nishi branch of Tokyo Central Bank. One day, Hanzawa makes a loan contract for 500 million yen with Nishi Osaka Steel Company. Hanzawa didn't want to approve the loan, but he had to due to the branch manager's order. Nishi Osaka Steel Company seems financially stable, but the company actually hides massive amounts of debt through fraudulent accounts. The company is caught. Three months later, Nishi Osaka Steel Company goes bankrupt. The bank's branch manager is Asano. He is an ambitious man and tries to shift the blame to Hanzawa. Hanzawa then attends an inquiry about the loan failure at the bank's headquarters in Tokyo. Hanzawa denies fault and promises to retrieve the 500 million yen loan. He did this because it's the only way for Hanzawa to survive as a banker.",/uZmJ1dhfxzVqmvhACY7io0chcJs.jpg,ja,8.2,['JP'],tt2930136,4.0,Hanzawa Naoki,Drama,2013.0,Hanzawa Naoki,Detectorists,Violetta,Mon amour venu des étoiles
44033,/tcZhhtIj6DoopgyCnpT5TrrMI0b.jpg,"It is said that identical twins who are produced from the same egg will share a bond as if they were the same person. But not with ""Sprite"" and ""Zee"", the identical twins. Despite following the same route as an athlete from birth, both want to be the only one!",/vvv8LvpdewFZZZsTqEgTx9hbhyP.jpg,th,7.5,['TH'],tt29606974,4.0,Twins,Drama,2023.0,Twins,Blue Lights,Burning Flames,Yozakura Family
44080,/54qQVFfYcV4hRQ0r1yw9DBP2jlW.jpg,"Waking from a fatal accident to find herself in the past, Han Yi-joo teams up with Seo Do-guk to take revenge on the family who never loved her.",/5iqVjyWAfXAFMim0Fi5QS6jUNPq.jpg,ko,7.4,['KR'],tt29657033,2.0,Perfect Marriage Revenge,Drama,2023.0,Biao Ren,Perfect Marriage Revenge,Entretien avec un vampire,Ag3nda
44081,/oAWnDT3tIvw0KN2LoNtWRlaaTRs.jpg,"Seo Jaewon who suffered an unfortunate childhood, becomes an ambitious and driven CEO that chases after success. But when her obsession gets out of hand, she tries to escape from her unhealthy desires but her husband, a designer and college professor, gets swept up in the process.",/rfM9ZQ3kc7JGKd5RKCpXZ65SfO0.jpg,ko,7.8,['KR'],tt29720810,4.0,My Happy End,Mystery,2023.0,My Happy End,Story of Kunning Palace,Acharnés,Akgwi
44441,/teJVPef30lrI3zzC96BPoTYkwMo.jpg,"In an era of violence and corruption, Park Yeong-han, a humble detective, joins forces with Sang-sun, Gyeong-hwan and Ho-jeong to uphold justice.",/3iJPQbGF9MzZQXb5HiUZP43LPz8.jpg,ko,7.3,['KR'],tt30485422,4.0,Chief Detective 1958,Drama,2024.0,Chief Detective 1958,Furies,Safe Home,Tapie
44465,/fJiYVdH9CYai9JvgT46Y4cGTJ26.jpg,Zeynep is a beautiful high school student who has a moderate and ordinary life with her mother Demet in a small city. Zeynep has been raised without knowing her father but she always think about him when she stays alone. She was told that her father was a seaman and was lost in the sea when he was on duty.,/aNNq8MOtGvw0ETt8xSICrq3sKXv.jpg,tr,7.8,['TR'],tt3052000,4.0,Günesi Beklerken,Drama,2013.0,Günesi Beklerken,"Molly, une femme au combat",Au service de la France,Çilek Kokusu
44963,/r0in0GfXMFOUvhJLcyJzBqE6OgB.jpg,Like There's No Tomorrow,/9t8TKgkntfaCtuNH5z3dlHcdwib.jpg,tr,8.3,['TR'],tt31123801,4.0,Yarin Yokmus Gibi,Mystery,2024.0,Yarin Yokmus Gibi,La Reine des larmes,Tozkoparan Iskender,Son Yaz
44967,/xUC6mdVESvJN2umz8mNxKn89Htf.jpg,"Taiyo Asano has been on his own ever since his parents died and the only one who seems to care for him is his childhood friend and classmate, Mutsumi Yozakura. But Mutsumi has a secret—she is the head of a family of spies! And on top of that, her brother Kyoichiro is dangerously protective of her! To stop Kyoichiro from killing him, Taiyo and Mutsumi must take the ultimate leap—marriage! Because in the Yozakura family, family cannot kill family.",/dTtXbR0DenriganfBidZxFLk4Xx.jpg,ja,7.5,['JP'],tt31131310,4.0,Yozakura Family,Animation,2024.0,Burning Flames,Yozakura Family,The Search for WondLa,Twins
45073,/ljwo7GMEVv8jxdQC7eISEWZpcvv.jpg,"Ambition, love and betrayal intertwine when a royal concubine secretly plots to claim the throne for her family in the old Thai kingdom.",/cMxzItaP1uBemSr4jdREi7skfQ5.jpg,th,9.0,['TH'],tt31183805,4.0,The Empress of Ayodhaya,Soap,2024.0,Dar Nsa,The Empress of Ayodhaya,Siyavash,Siavash
45110,/cSnIgCqfOsk50aCYEXr6Ar0HTQK.jpg,"Belgrade, 2003. When Serbian Prime Minister Zoran Djindjic is assassinated, the country plunges into chaos, and the authorities' response is to introduce a state of emergency. A turning point in recent Serbian history through the perspective of a journalist, a police officer, and a criminal.",/LRJtmPudjMEoX2czkBW07pBuLo.jpg,sr,8.0,['RS'],tt31227639,4.0,Sablja,Drama,2024.0,Sablja,Gülümse Kaderine,Legacy,Citoyens clandestins
45146,/kRdujm449heLBsNL1F3m8Gvs3Yg.jpg,"During the French mandate of Syria, ex-boxing champion Taj is accused of collaborating with the colonizer. Disgraced, he wages a ruthless war to clear his name.",/u4fVU82Z00grG2PqTZnrYX17MUc.jpg,ar,10.0,['SY'],tt31459404,4.0,Taj,Drama,2024.0,Taj,You Only Go Around Once,Tozkoparan Iskender Gölge,Douanes sous haute surveillance : Canada
45223,/8FImR4w4IScYbx8J60CxGnm70Mh.jpg,"Amina tries to provide for her family, just as an old acquaintance returns after serving a prison sentence to reopen old wounds.",/xJJ0qpPqk6WaNV8MIInJRnJ8G3o.jpg,ar,9.0,['MA'],tt31728744,4.0,Dar Nsa,Drama,2024.0,Dar Nsa,The Empress of Ayodhaya,Siyavash,Siavash
45310,/nI9YGF9ZBror2a5MDBTg4Zn1tUk.jpg,"Joo Joong-won is the arrogant, greedy CEO of Kingdom, a  conglomerate that includes a supermall and a hotel. ""Ghost whisperer”  Tae Gong-shil, is a misunderstood outcast who can't keep a  boyfriend or a job since a near death experience left her seeing needy  ghosts. She feels compelled to help them resolve their earthly issues so  they can move on to the afterlife... and he feels compelled to think  she's crazy. Soon their lives merge into a complicated web of hijinx,  misunderstandings, and... yes, love.",/8dNQTTHAirWwCpQM85amONPcZSA.jpg,ko,8.0,['KR'],tt3184674,4.0,Master's Sun,Sci-Fi & Fantasy,2013.0,Master's Sun,Molusco,Sultan Ashour 10,Violetta
45454,/yLHLFkGBmyQhDHaej13k2h8N2O3.jpg,A dismissed special ops officer struggles to adapt to his new role in retail security — until he spots a way to solve his financial troubles.,/x6ei6X4uOc5OXBAIbB7uvCXSgxS.jpg,pl,7.25,['PL'],tt32245002,4.0,Relève-toi!,Action & Adventure,2024.0,Relève-toi!,Song of the Bandits,Chief Detective 1958,Furies
45472,/ld1UMkzjVsA1midityNjHTAX79v.jpg,"As the world is threatened by the sudden appearance of a mysterious alien mothership, best friends Koyama Kadode and Nakagawa “Ontan” Oran carry on about their high school life. But as they grow up, they face existential questions, learning adulthood’s complexities and that the true threat may not be from above.",/45XAw7d5aTu6CK6OC4XQ3ji8s89.jpg,ja,8.1,['US'],tt32420174,4.0,Dead Dead Demons Dededede Destruction,Animation,2024.0,Dead Dead Demons Dededede Destruction,"Ninjago, le soulèvement des dragons",Le livre de notre destin,Sans Limites Avec Chris Hemsworth
45823,/r9ODgris1fZDVYHPRv55uaQCG2d.jpg,"An alien who came to Earth 400 years ago is almost able to return to his own planet, but when he meets a famous actress, he doesn't want to go home.",/o5EYVYCVtDUdajP4rWfv6q0BTmm.jpg,ko,8.328,['KR'],tt3469052,4.0,Mon amour venu des étoiles,Comedy,2013.0,Mon amour venu des étoiles,Ella era bonita,Hanzawa Naoki,Detectorists
46377,/iE0SftugzCFJ6eV3IznwbiJmGAU.jpg,Drama following the extraordinary adventures of female medics in the British Army.,/4RL153WVbce7i9oemTzzBiD6B1Q.jpg,en,7.7,['GB'],tt3815412,4.0,"Molly, une femme au combat",Drama,2014.0,"Molly, une femme au combat",Au service de la France,Çilek Kokusu,Günesi Beklerken
46910,/4L5Ta7BasGDZ3KtdxjgnFqdAiHK.jpg,"The drug trafficking drama is inspired by the true story of two brothers who rose from the decaying streets of southwest Detroit in the late 1980s and gave birth to one of the most influential crime families in the country. It revolves around brothers Demetrius ""Big Meech"" Flenory and Terry ""Southwest T"" Flenory, who together took their vision beyond the drug trade and into the world of hip-hop. The drama, per Starz, will tell a story about love, family and capitalism in the pursuit of the American dream.",/5gUlUufL3fom30qxKawwlWuD7kC.jpg,en,8.0,['US'],tt3850598,4.0,Black Mafia Family,Drama,2021.0,The Newsreader,Profession : reporter,Black Mafia Family,Les Invisibles
46953,/cI4P2GaNJ9Hh40wiWKY91v34vOY.jpg,The Code is a drama series which tells tells the story of two brothers who discover some information that those at the highest levels of political power are determined to keep secret.,/d960SZCKOXrHQLFRlaGhlPUFEOR.jpg,en,7.2,"['AU', 'IN']",tt3914672,4.0,The Code,Crime,2014.0,The Code,Salamandre,My Shy Boss,Borgia
46981,/dp1XYfSZDEPH3vL9xoBi9fp2a4F.jpg,"Louis de Pointe's epic story of love, blood, and the perils of immortality, as told to the journalist Daniel Molloy. Chafing at the limitations of life as a black man in 1900s New Orleans, Louis finds it impossible to resist the rakish Lestat De Lioncourt's offer of the ultimate escape: joining him as his vampire companion.",/Afv4pPhqVMg2wOmhuDLiGUw4r4O.jpg,en,7.4,['US'],tt3960394,4.0,Entretien avec un vampire,Drama,2022.0,Entretien avec un vampire,Ag3nda,Biao Ren,Perfect Marriage Revenge
47209,/5cstdAjVuXJ66SFQZXpekSqXq6i.jpg,"The lives of two eccentric metal detectorists, who spend their days plodding along ploughed tracks and open fields, hoping to disturb the tedium by unearthing the fortune of a lifetime.",/5BCQaZ8HrLjq6diLsIQxZuzXqiK.jpg,en,8.195,['GB'],tt4082744,4.0,Detectorists,Comedy,2014.0,Detectorists,Hanzawa Naoki,Don't Dare to Dream,Ella era bonita
47590,/xZMmcoR71KC9ejDYgqwbfYkz0o1.jpg,"At the height of the Cold War in 1960, André Merlaux joins the French Secret Service and contends with enemies both foreign and bureaucratic.",/mXND9igVFF8kJMZQWAYaFPGlq0c.jpg,fr,7.7,['FR'],tt4367560,2.0,Au service de la France,Comedy,2015.0,Au service de la France,Çilek Kokusu,"Molly, une femme au combat",Les Pays d'en Haut
47946,/lSBDrOxDlumfrjdnPTtp4xLLKfA.jpg,"Light Yagami is an ordinary university student. One day, he receives a ""Death Note"", which changes his life. The Death Note awakens his warped sense of justice and genius. He becomes murderer Kira and punishes criminals. L is a well known private detective. L appears in front of Light Yagami. L defines Kira as evil and decides to catch Kira. Then N, who has a beautiful appearance but dangerous existence, appears.",/4hA8qcsmwgVpSCRmDGeW3WsCxol.jpg,ja,7.419,['JP'],tt4623604,4.0,Death Note,Crime,2015.0,Death Note,Les Green à Big City,Ministères,Ainsi soient-ils
48088,/hTYtOp4aqnar9NAoxUtNn6u38HO.jpg,"Kahina Zadi, 32, a French police officer travels to Kiruna in Sweden to investigate the bestial murder of a French citizen. Together with Anders, a Swedish prosecutor of Sami origin, she begins an investigation. Soon new killings start to happen and the first victim turns out to be the tip of a very dark iceberg. The victims seemingly have nothing in common more than that they are all being killed in a well-planned and vicious manner.

In their hunt for the truth, both Kahina and Anders are forced to deal with their own past that they have repressed. A personal journey through a painful past becomes the key to succeed in preventing the violent killings that affects the small mining community of Kiruna.",/jwXDb61dX6wyr4y6ZOdQ1LhGklg.jpg,sv,7.0,"['FR', 'SE']",tt4836846,4.0,Jour polaire,Drama,2016.0,Jour polaire,SAS: Rogue Warriors,Tatli Küçük Yalancilar,Jeux d'influence
48165,/IJCSUObPR9wrJCzqFXSZwzPLCI.jpg,"A hardworking girl and a reckless boy.. Although their major differences, fate on the other hand has other plans for them.",/bnIFc4MzMe9TukVZWXdiDAeb9wq.jpg,tr,7.7,['TR'],tt4900982,4.0,Çilek Kokusu,Comedy,2015.0,Au service de la France,Çilek Kokusu,"Molly, une femme au combat",Les Pays d'en Haut
48187,/9WpG3e9wdrEmsYiDVzr8uU1XlUT.jpg,"Four friends band together against an anonymous foe who threatens to reveal their darkest secrets, while also investigating the disappearance of their best friend.",/euDiViLfAFygDMH4LTOQgwpBhvd.jpg,tr,7.0,['TR'],tt4901120,4.0,Tatli Küçük Yalancilar,Mystery,2015.0,Tatli Küçük Yalancilar,Jour polaire,SAS: Rogue Warriors,Jeux d'influence
48199,/o9Z8O0gdi6Qvvzk86RdnnBjBGDq.jpg,"After a chance meeting in a hospital, an ardent soldier falls for a gifted surgeon. Opposing philosophies tear them apart, but fate has other plans.",/GtbPMgS8oLr0dvLpP9eYXWLLGe.jpg,ko,8.4,['KR'],tt4925000,4.0,Descendants of the Sun,Drama,2016.0,Descendants of the Sun,Saga of Tanya the Evil,Ella era bonita,Violet Evergarden
48309,/5auQnyJ0jQfiYlg88lsW0pCLBRJ.jpg,"After a complete reversal of fortune and looks, childhood sweethearts reunite for the first time in 15 years as employees at a fashion magazine.",/sIsUgKIFYAASpvvV5Aaip2xa7Zd.jpg,ko,8.3,['KR'],tt5045900,4.0,Ella era bonita,Comedy,2015.0,Ella era bonita,Mon amour venu des étoiles,Descendants of the Sun,Don't Dare to Dream
49726,/gIK02MQCpbuvNbDGCPZk1HjMSZ0.jpg,"At 20, Donalda is the most beautiful girl in Sainte-Adèle. Young, intelligent, and dynamic, she has always been in love with Alexis, the log driver, a feisty adventurer whose life is a perpetual storm. But Seraphin is also in love with Donalda, and he will do anything to have her.",/lv59yQgT4pRzomE4blx7eLboe2o.jpg,fr,7.8,['CA'],tt5489038,4.0,Les Pays d'en Haut,Drama,2016.0,Le professeur du Cauchemar,Les Pays d'en Haut,Kalp Atisi,Les enquêtes de Toby et Teri
49778,/mCt3coepPkF6QlDQSO9tqI46yIV.jpg,"Picking up immediately following the events in the feature film, these are the continuing adventures and friendship of 14-year-old tech genius Hiro and his compassionate, cutting-edge robot Baymax. As the new prodigy at San Fransokyo Institute of Technology, Hiro now faces daunting academic challenges and the social trials of being the little man on campus. Off campus, the stakes are raised for the high-tech heroes as they must protect their city from an array of scientifically enhanced villains.",/ldG4xXImCPyv5U5gbRmlB8On842.jpg,en,7.585,['US'],tt5515212,2.0,Baymax et les Nouveaux Héros,Action & Adventure,2017.0,Baymax et les Nouveaux Héros,Dear My Friends,Bap Jal Sajuneun Yeppeun Nuna,To the Lake
50131,/YV4J9zwuaFsGVMp7nGDL43MUFO.jpg,Life is ever-delightful — and ever-challenging — for a group of friends in their twilight years as they rediscover themselves through love and family.,/bTQk4YZMESbHs3NlhBPBpcQp1Tn.jpg,ko,7.6,['KR'],tt5689030,4.0,Dear My Friends,Comedy,2016.0,Dear My Friends,Baymax et les Nouveaux Héros,Bap Jal Sajuneun Yeppeun Nuna,Au service de la France
51377,/7T84BWtV5s6VjSsPusxWasoOtxF.jpg,"A weather girl reunites with her old crush, a haughty reporter at her TV station. But this time, she has her eyes on someone else -- his best friend.",/1HbFVRZFWNcglKhY7caExczrCN6.jpg,ko,8.2,['KR'],tt5936884,4.0,Don't Dare to Dream,Comedy,2016.0,Don't Dare to Dream,Detectorists,Ella era bonita,Le Prince des dragons
51559,/usy8xI6gS4KE4qnLOY5PQJg7Pox.jpg,"When strange young misfit Kim Noakes was just a little girl, her father died in murky circumstances and her mother Tina whisked her away to a remote rural life of seclusion and bizarre survival techniques. Now all grown up, Kim sets out into the real world for the first time to begin a secret mission of honouring her father’s memory.",/cOhQYHbHVo03elgWA4mTW5bzNAg.jpg,en,7.3,['GB'],tt6075088,4.0,Two Weeks to Live,Comedy,2020.0,Trickster,Two Weeks to Live,1994,Le bandit repenti
51565,/oi6Gu05uE24aCChTrTD6rZpIX53.jpg,"Insight into the London, West Midlands and North West of England ambulance services, from the highly-pressurised control room to the crews on the streets. Ambulance provides an honest 360-degree snapshot of the daily dilemmas and pressures.",/udhcOGtdZQHCVa3RW010tAyuu78.jpg,en,7.923,['GB'],tt6079604,4.0,Ambulance,Documentary,2016.0,Ambulance,Pigeons et dragons,Pigeons & Dragons,Sultan Ashour 10
51753,/oNfyiiEjwyxx6gXD8jZc8OV19dy.jpg,"A homeroom teacher of Yosan Private High School has an accident, and thus a substitute comes to fill in. Han Bong-Gu  is a mysterious man, and after strange occurrences the class president Ye-Rim tries to get to the bottom of this mystery.",/jj3WYOM8KN9vchhMzHOxBd91GDg.jpg,ko,7.8,['KR'],tt6209442,4.0,Le professeur du Cauchemar,Mystery,2016.0,Le professeur du Cauchemar,Les Pays d'en Haut,Kalp Atisi,Les enquêtes de Toby et Teri
52607,/gCUPAwcjwF9E8usHoIFR0yHZPhE.jpg,The isolated life of an extreme introvert is thrown out of order when his company hires a new employee: a cheery extrovert who's not all she seems.,/eYVvEsoS9Cbfxau8AW9GJNUmGNG.jpg,ko,7.206,['KR'],tt6257622,4.0,My Shy Boss,Comedy,2017.0,My Shy Boss,Le Destin des Tortues Ninja,Cleaning Up,Instinto
53090,/gI3rLwLZ9fHuqcEXYiCBvVpUHb0.jpg,"On the front lines of the war, Tanya Degurechaff, blond hair, blue eyes, and porcelain white skin, commands her squad with lisping voice. Actually, she is one of Japan's most elite salary men, reborn as a little girl into a world of magical warfare after angering a mysterious being who calls himself God.",/5nwiHomKZBBF9DLrolfZapi3fDm.jpg,ja,8.4,['JP'],tt6455986,4.0,Saga of Tanya the Evil,Animation,2017.0,Saga of Tanya the Evil,Descendants of the Sun,Meteor Garden,Violet Evergarden
53422,/8LFeBtYh5cN8IqFw9xj8Oiu1k7j.jpg,"With unprecedented access to the SAS secret files, unseen footage and exclusive interviews with its founder members, this series tells the remarkable story behind an extraordinary fighting force.",/4Xe8EnHFRDlimd3pFWLAsWcqSqn.jpg,en,7.0,"['EG', 'GB']",tt6497600,4.0,SAS: Rogue Warriors,Documentary,2017.0,SAS: Rogue Warriors,Jour polaire,Tatli Küçük Yalancilar,Jeux d'influence
53471,/2uBFfxqNc6brEUueKLxUKLMgrxz.jpg,"Before he died, the Sultan Boualem decided to elect his successor among his two children: the  El amir Kamel and the  El amir Ashour . Finally, he chooses  Ashour , which provokes the anger of Kamel who decides to leave the kingdom, and after several years of governance by Sultan Ashour , the kingdom takes its name and becomes Kingdom ashouriya .",/zXWtbFCy6APPEqPgXpBF6aaJVcm.jpg,ar,8.0,['DZ'],tt6548854,4.0,Sultan Ashour 10,Comedy,2015.0,Sultan Ashour 10,Molusco,Ambulance,Pigeons & Dragons
53514,/tyMkJH0YvK6uBydUbN1nkW4Ad3f.jpg,"Rise up! The Teenage Mutant Ninja Turtles get an all-new look, new weapons, and awesome new powers! Join the legendary heroes, Raph, Leo, Donnie and Mikey as these brothers discover a Hidden City beneath New York, learn amazing mystic ninja skills, battle absurd mutants… and always find time for a slice of their favorite pizza! Cowabunga!",/4LZxcn6nWG1yWBKG0RD98HY13b4.jpg,en,7.25,['US'],tt6601082,4.0,Le Destin des Tortues Ninja,Animation,2018.0,Le Destin des Tortues Ninja,Instinto,The Bridge,My Shy Boss
53527,/6y8sE6s1sAbARztCuEbGOk6Qcz7.jpg,"In this zombie thriller set in Korea's medieval Joseon dynasty which has been defeated by corruption and famine, a mysterious rumor of the king’s death spreads, as does a strange plague that renders the infected immune to death and hungry for flesh. The crown prince, fallen victim to a conspiracy, sets out on a journey to unveil the evil scheme and save his people.",/AsICtiVtz4icMQQRwDvOzfaTzjK.jpg,ko,8.234,['KR'],tt6611916,4.0,Kingdom,Drama,2019.0,Kingdom,Le Prince des dragons,The King: Eternal Monarch,"At a Distance, Spring Is Green"
56215,/uKtyR5VqjefVgYQ64Hy1ch2BVFo.jpg,"The war is over, and Violet Evergarden needs a job. Scarred and emotionless, she takes a job as a letter writer to understand herself and her past.",/ImvHbM4GsJJykarnOzhtpG6ax6.jpg,ja,8.5,['JP'],tt7078180,4.0,Violet Evergarden,Animation,2018.0,Violet Evergarden,Meteor Garden,Saga of Tanya the Evil,Descendants of the Sun
56262,/mA25sTvIR3STMBkbu5xCjRal6JF.jpg,"Eylul the stubborn, school girl turns up to be a strong professional doctor by the help of her teacher Ali Asaf. After years of separation they meet up again but not as a teacher and student, instead as surgeons working side by side. Their love is met by many challenges and the inner conflict of the stubborn women who refuse to yield easily to her heart, refusing to repeat the miserable story of her dead mother.",/sjNvi0fOwjMlcKGukHmZB3zNnD.jpg,tr,7.8,['TR'],tt7115656,4.0,Kalp Atisi,Drama,2017.0,Kalp Atisi,Le professeur du Cauchemar,Les Pays d'en Haut,Les enquêtes de Toby et Teri
56443,/vVGmv5mle6lCrgnx8lNv5Q1vZPw.jpg,"The offbeat adventures of 10-year-old Cricket Green, a mischievous and optimistic country boy who moves to the big city with his wildly out of place family – older sister Tilly, father Bill and Gramma Alice.",/buRk2Vrz8UhF5nZUOADSRZLEU1f.jpg,en,7.4,['US'],tt7165904,4.0,Les Green à Big City,Family,2018.0,Les Green à Big City,The Bravest Knight,The Bridge,To the Lake
56792,/2ZNFu0hkSVtAI6LRWGIlCPNd1Tj.jpg,"A dangerously charming, intensely obsessive young man goes to extreme measures to insert himself into the lives of those he is transfixed by.",/7bEYwjUvlJW7GerM8GYmqwl4oS3.jpg,en,8.05,['US'],tt7335184,4.0,You,Drama,2018.0,You,Good Omens,Pigeons et dragons,Pigeons & Dragons
58097,/1SH20VoDFK28Yg2Zq4WPZqWGiXn.jpg,"Explore the relationship of two people as they go from being “just acquaintances” to “a genuine couple” — Yoon Jin Ah, a coffee shop  supervisor in her 30s, and Seo Joon Hee, a designer at a video game company who has just returned from working abroad.",/sTNXMCASbNn7cSzcQ7DVazixnAc.jpg,ko,7.655,['KR'],tt8078816,4.0,Bap Jal Sajuneun Yeppeun Nuna,Drama,2018.0,Bap Jal Sajuneun Yeppeun Nuna,Geunyeoui Sasaenghwal,Baymax et les Nouveaux Héros,Dear My Friends
58352,/y4vYdXPqD8NYWewrMq2p8UlltXd.jpg,"Marco Mur is an attractive, successful businessman, but a trauma from his past prevents him from getting emotionally involved with women. Instead, he has intimate encounters in a club where no one knows anyone else. But his past returns and now Marco must face it and all the other conflicts of his life.",/a2dB5yR6CfMNsOoR18EULqdCIqQ.jpg,es,7.235,['ES'],tt8382834,4.0,Instinto,Mystery,2019.0,Instinto,Cleaning Up,Le Destin des Tortues Ninja,1994
58791,/5PXG006gOnx9PnYEYgujjJO3Fjs.jpg,"When their animal friends need help, brother-and-sister team Toby and Teri use the clues and follow the facts to solve mysteries in their own backyard.",/cEL8yxzBQF2NGduJLEpcAbO1SOV.jpg,en,7.8,['US'],tt8591984,4.0,Les enquêtes de Toby et Teri,Animation,2018.0,Les enquêtes de Toby et Teri,Le livre perdu des sortilèges: A Discovery of Witches,Kalp Atisi,Le professeur du Cauchemar
58797,/6j5L8hA6SmtdbmV9m7kFTD5SZuN.jpg,"When a dead body is found on the Tuas Bridge, left right on the border between Malaysia and Singapore, two ICD officers from each country, Officer Megat from Malaysia and Officer Serena Teo from Singapore, must work together to solve the crime. But this case is far more complicated than either of them could have suspected, and they soon learn that the killer’s plan has just begun.",/oHuQ2LcWKONqkCVPAHP9xGEs9C4.jpg,en,7.3,"['MY', 'SG']",tt8595208,4.0,The Bridge,Drama,2018.0,The Bridge,Le bandit repenti,1994,Le Destin des Tortues Ninja
58946,/wu6krz32WumVFms7dhvwk49NEdr.jpg,An extraordinary discovery inspires two human princes and an elven assassin to team up on an epic quest to bring peace to their warring lands.,/d7PIRa6ez7ZEl9D4JUrnSsmcnVD.jpg,en,8.263,['US'],tt8688814,4.0,Le Prince des dragons,Animation,2018.0,Le Prince des dragons,Kingdom,The King: Eternal Monarch,Don't Dare to Dream
58947,/omNNoERrtr7AzjxyUIk3NREa54b.jpg,"An ordinary girl is admitted to the most prestigious school in the country where she encounters F4, an exclusive group comprised of the four wealthiest and handsomest boys in the school - Dao Ming Si, Hua Ze Lei, Xi Men and Mei Zuo.",/8yhIaFcLHBPppaeY1iu9GzHtaqf.jpg,zh,8.5,['CN'],tt8690890,4.0,Meteor Garden,Drama,2018.0,Violet Evergarden,Meteor Garden,Saga of Tanya the Evil,Descendants of the Sun
59003,/a2Q2og2N3H8qr5UVuvANZqrRa0M.jpg,"After the breakdown of the old government, and with it the First Republic, Italy changed for good in 1994. Spinster Leo is all too aware of this. He pushed hard to see Berlusconi get elected Prime Minister. He knows it's not easy to win power, but holding on to it verges on the impossible. By the same token, it seems equally impossible for populist politician Pietro to change. Even now that he has an office at the Prime Minister's premises in Rome, he still can't cast off his old bad habits. Nor can he forget the only woman he has ever loved. A former TV starlet now turned politician and Congresswoman, Veronica has to decide who the man of her life is going to be. She has realized she no longer wants to be just a woman on the arm of powerful men. It is the start of her own push for power.",/bqahueiS1YPe0L8pxkdxpOV2UxJ.jpg,it,7.3,['IT'],tt8736278,4.0,1994,Drama,2019.0,1994,Le bandit repenti,Trickster,The Bridge
59063,/iAjV8E8oyJ6fYMDLStNMwvZv2CD.jpg,"This characterful drama focuses on an ordinary working class woman, Sam, who is caught between two worlds - the everyday life of a devoted and loving Mum and the darker, dangerous world of insider trading. While struggling with an online gambling addiction, Sassy office cleaner Sam realises she has access to lucrative Stock Market information which if used correctly could be the answer to all her prayers.",/9LSpeWnsSDX6MNNNs5AfEticY3L.jpg,en,7.2,['GB'],tt8804656,4.0,Cleaning Up,Drama,2019.0,Cleaning Up,Instinto,Le Destin des Tortues Ninja,Braqueurs: La série
59636,/zAIQe3fbvy94EqoCJSkaGiEQUhQ.jpg,A grim drama that unfolds against the backdrop of a global catastrophe. An unknown new virus turns Moscow into a city of the dead. Money loses its value and those not yet infected struggle desperately for food and survival.,/t1wSJIjuyFSJSW35KrsVccELsOE.jpg,ru,7.5,['RU'],tt9151230,4.0,To the Lake,Sci-Fi & Fantasy,2019.0,To the Lake,The Bravest Knight,Les Green à Big City,Baymax et les Nouveaux Héros
59671,/qR4tS0urUUaFh6mlRhVUkDZGN5j.jpg,This colorful series leads preschoolers room to room through a fantastical dollhouse of delightful mini-worlds and irresistible kitty characters.,/lyLvpLsC2WzBFZm2cIEn3VgKwEf.jpg,en,8.1,['US'],tt9165438,4.0,La maison de poupée de Gabby,Animation,2021.0,Koi Desu: Yankee-kun to Hakujou Garu,La maison de poupée de Gabby,Sans Limites Avec Chris Hemsworth,Shuroop
60505,/COVrHeFLXlk7MDxWXmsNg7wAOh.jpg,"What happens when you return from a family holiday to France and open the boot to find a Syrian refugee where your luggage was supposed to be? That’s the situation facing new couple Peter and Katy when they get back to Dorking from their first family holiday with Katy’s young son John, who has spent the journey from Calais winding up his would-be stepdad. Their unexpected passenger is a bloke called Sami who hopes to claim asylum in Britain.",/bxrVYJLPRxJkTYVfo24bq7cfI8m.jpg,en,7.0,['GB'],tt9883888,4.0,Home,Comedy,2019.0,The Legend of White Snake,Home,Jeux d'influence,La Légende de Tang
60569,/tM25DV1252RaOVfktNWRs7rZx60.jpg,"An art curator's life unravels, as she tries to keep her pastime as a die-hard K-pop fan secret from her gallery's new director.",/nr4BB5JoTyxrtaNVMECinuMzTMA.jpg,ko,7.703,['KR'],tt9899340,4.0,Geunyeoui Sasaenghwal,Comedy,2019.0,Geunyeoui Sasaenghwal,Bap Jal Sajuneun Yeppeun Nuna,Lupin,Les enquêtes de Toby et Teri
