index,backdrop_path,overview,poster_path,original_language,vote_average,origin_country,parentTconst,title_series,genres,startYear,genres_,voisin1,voisin2,voisin3,voisin4
0,/pgnyWjaCMgPuHSav7ejQcY9Vfsg.jpg,"Balsamo, a scoundrel with the gift of mesmerism, seeks to gain power in the French court in the days before the Revolution.",/zbQwYWG6b96YOm9AnjxCmutZU6v.jpg,fr,7.0,['FR'],tt0069570,Joseph Balsamo,Drama,1973.0,0,Joseph Balsamo,A Town Like Alice,Shogun,Le pouvoir et la gloire
1,/j5hn3Xn2BDbwR3tBX7s8m8Y1zce.jpg,An English navigator becomes both a player and pawn in complex political games in feudal Japan.,/vfcbFozvKkC2dRqsNn0soIHGfBL.jpg,en,7.642,['US'],tt0080274,Shogun,Action & Adventure,1980.0,1,Shogun,A Town Like Alice,Le pouvoir et la gloire,Les diamants de la vengeance
2,/i8ZIhsRmHORpVzx5fLa52WoAuNi.jpg,"Set against the brutal chaos of World War II, a love story begins that will take two lovers through a living nightmare of captivity, across three continents and two decades. ",/kJcNzMyTxbURhccLbqSNF0EUUZe.jpg,en,7.6,['AU'],tt0081949,A Town Like Alice,Drama,1981.0,0,A Town Like Alice,Shogun,Le pouvoir et la gloire,Les diamants de la vengeance
3,/4Ma7OxeciQAzw5HZ0QxoabI0bIs.jpg,"Kane & Abel is a television miniseries, based on the novel of the same name written by Jeffrey Archer, that aired on CBS in 1985. It stars Peter Strauss as Rosnovski and Sam Neill as Kane.",/msBIc6YXux5HXA9u5O7oQZZnlol.jpg,en,7.4,['US'],tt0088547,Le pouvoir et la gloire,Drama,1985.0,0,Le pouvoir et la gloire,A Town Like Alice,Shogun,Les diamants de la vengeance
4,/8dgnA9Ac9M50KjABzQOiwYPXvMr.jpg,"Tracy Whitney was in love, pregnant and engaged to marry into one of America's best family. And then, with one phone call, she lost everything. After 5 years of unjust imprisonment, Tracy emerges from prison a new woman. Cunning. Ruthless. Determined to survive. But there is one man as formidable as she is. As their paths crisscross, they eventually become daredevil partners in an adventure that climaxes their criminal careers.",/4ooPNtGVZ4w72rJyDrFl2qySezm.jpg,en,7.2,['US'],tt0090455,Les diamants de la vengeance,Crime,1986.0,2,Les diamants de la vengeance,Si c'était demain,Sophie et Virginie,Le pouvoir et la gloire
5,/8dgnA9Ac9M50KjABzQOiwYPXvMr.jpg,"Tracy Whitney was in love, pregnant and engaged to marry into one of America's best family. And then, with one phone call, she lost everything. After 5 years of unjust imprisonment, Tracy emerges from prison a new woman. Cunning. Ruthless. Determined to survive. But there is one man as formidable as she is. As their paths crisscross, they eventually become daredevil partners in an adventure that climaxes their criminal careers.",/4ooPNtGVZ4w72rJyDrFl2qySezm.jpg,en,7.2,['US'],tt0090455,Si c'était demain,Crime,1986.0,2,Les diamants de la vengeance,Si c'était demain,Sophie et Virginie,Le pouvoir et la gloire
8,/sGc82zQ1QwWHmJvqgkEQQT6w0hv.jpg,A cartoon superhero interacts with live guests via his television set in this parody talk show based on 1960s Hanna-Barbera cartoon character Space Ghost.,/sjTe8T7FRhNcSlmT4XF38dd1BEF.jpg,en,7.8,['US'],tt0108937,Space Ghost Coast to Coast,Animation,1994.0,3,Space Ghost Coast to Coast,La Loi du puma,Oggy et les cafards,Les Griffin
9,/driyCjOLyk6iH0RjZezGMBwXQDr.jpg,"A down-on-her-luck former inmate tries to reconnect with her daughter--to the objections of her sister who raised the girl, meets a millionaire, and transforms into a strong woman, returning to society at Dancin' Days nightclub's opening.",/kskDVYidsKjzEZymYtWuQqzPU4i.jpg,pt,8.0,['BR'],tt0149440,Dancin' Days,Soap,1978.0,4,Dancin' Days,Shogun,Les enquêtes du commissaire Maigret,Space Ghost Coast to Coast
11,/5Gl5dDr32fwl4qhH1UQM9dgRJra.jpg,"The tale of David Copperfield from his birth and idyllic upbringing through hardship and adventure leading to his eventual discovery of his vocation as a novelist. On his journey David encounters a gallery of Dickens' most memorable characters, including Mr. Micawber, Uriah Heep, Steerforth, and others.",/73lKcw5bFmSD8lL0XuMbfYO29rO.jpg,en,7.1,['GB'],tt0167872,David Copperfield,Drama,1999.0,0,David Copperfield,Rosalinda,La cité des hommes,Elizabeth I
13,/jbTqU6BJMufoMnPSlO4ThrcXs3Y.jpg,"Sick, twisted, politically incorrect and Freakin' Sweet animated series featuring the adventures of the dysfunctional Griffin family. Bumbling Peter and long-suffering Lois have three kids. Stewie (a brilliant but sadistic baby bent on killing his mother and taking over the world), Meg (the oldest, and is the most unpopular girl in town) and Chris (the middle kid, he's not very bright but has a passion for movies). The final member of the family is Brian - a talking dog and much more than a pet, he keeps Stewie in check whilst sipping Martinis and sorting through his own life issues.",/y0HUz4eUNUe3TeEd8fQWYazPaC7.jpg,en,7.4,['US'],tt0182576,Les Griffin,Animation,1999.0,3,Oggy et les cafards,Les Griffin,Lascars,Passions
14,/pNaBRxBaPGNYWSYeh3nnxvHsufM.jpg,"Passions is an American television soap opera which aired on NBC from July 5, 1999 to September 7, 2007 and on The 101 Network from September 17, 2007 to August 7, 2008.

Passions follows the lives and loves, and various romantic and paranormal adventures of the residents of Harmony. Story-lines center around the interactions among members of its multi-racial core families — the African American Russells, white Cranes and Bennetts, and half-Mexican half-Irish Lopez-Fitzgeralds — as well as the supernatural including town witch Tabitha Lenox.

Created by writer James E. Reilly and produced by NBC Studios, the series was subsequently picked up by direct broadcast satellite service DirecTV, which broadcast new episodes airing on its exclusive channel The 101. In December 2007, DirecTV decided not to renew its contract for the series, and the studio was unable to sell the show elsewhere. The final episode aired on DirecTV on August 7, 2008.",/dlOZsdQ67FfR4Zxl2A0epHV3eHD.jpg,en,7.4,['US'],tt0192917,Passions,Soap,1999.0,4,Passions,Les Griffin,Oggy et les cafards,Lascars
15,/ueQvomfRylN8JQs6uA0r0995acY.jpg,"Having to serve a sentence for a murder she did not commit but took the blame for, a woman gives her baby to her sister to be raised without knowing the truth. 20 years later she is freed and try to be once again part of her life. But things get complicated when the daugther, Rosalinda, and Fernando, the son of the man that was killed, become close.",/9giAcHn2tOCqJ8h8x9sxQipkTeI.jpg,es,7.0,['MX'],tt0202200,Rosalinda,Drama,1999.0,0,Rosalinda,David Copperfield,La cité des hommes,Elizabeth I
16,/kiUASXk0GQd5VMF8uKuKzUsiVtd.jpg,"Bad Girls is a British television drama series that was broadcast on ITV from 1 June 1999 to 20 December 2006 and starred Simone Lahbib, Mandana Jones, Debra Stephenson, Linda Henry, Jack Ellis and many more throughout the eight-year run. The series was broadcast in 17 countries and was produced by Shed Productions, the company which later produced Footballers' Wives and Waterloo Road. It is set in the fictional women's prison of Larkhall, and features a mixture of serious and light storylines focusing on the prisoners and staff of G Wing. From 2010, the UK broadcast rights were bought by CBS Drama, and is repeated regularly – as of September 2012, the channel is re-running the series again in a late-night time slot.",/vDt7u6ITtdMFxmbMBKJKhydneF1.jpg,en,7.6,['GB'],tt0203248,Les condamnées,Drama,1999.0,0,Les condamnées,Nuremberg,David Copperfield,La cité des hommes
17,/522KjU7kO91fga0sYPh9nwbFuZo.jpg,Justice Robert H. Jackson leads Allied prosecutors in trying 21 Germans for Nazi war crimes after World War II.,/6ENHJzAqs6JKYWLZgtpWgPPKnSA.jpg,en,7.5,['US'],tt0208629,Nuremberg,Drama,2000.0,0,Nuremberg,Les condamnées,La cité des hommes,David Copperfield
18,/fVO7r9tAnauny8DAqbetlQ1tVtu.jpg,"Oggy, an anthropomorphic cat, would prefer to spend his days watching television and eating, but is continuously pestered by three roaches: Joey, Marky and Dee Dee. The cockroaches' slapstick mischief ranges from plundering Oggy's refrigerator to hijacking the train he just boarded. In many situations Oggy is also helped by Jack, who is more violent and short-tempered than him and is also annoyed by the cockroaches. Bob, a short-tempered bulldog, also appears in the show, and is Oggy's neighbor.",/aFAN9aKm0OblOr30ROejJCV8rGf.jpg,fr,7.4,['FR'],tt0213363,Oggy et les cafards,Animation,1999.0,3,Oggy et les cafards,Les Griffin,Lascars,Passions
19,/ftiQHOrAGTGXVsJ1pcAVC5Dau78.jpg,"Taking place mainly in Bogotá, Colombia, Betty La Fea is essentially a Cinderella comedy about the rise of poor, ugly 'Betty' Pinzón and the fall of rich, handsome Armando Mendoza. Armando is a very incompetent playboy with a scheme to turn a huge profit as the new President of Eco Moda, a famous clothing manufacturing company, but his scheme is doomed because of his faulty mathematics. Because Betty, his secretary (and economics wizard), is in love with him, she helps Armando deceive the Board of Directors as he loses money and brings the company to ruin.

Betty, la Fea is arguably the most successful telenovela of all time and one of the most popular television shows in the world. It is the first telenovela to have been remade worldwide and has been regarded as bringing the telenovela to new levels of success.",/iEBOiXiDGaxVR6w8aKgG5MEusuO.jpg,es,8.353,['CO'],tt0233127,"Yo soy Betty, la fea",Soap,1999.0,4,"Yo soy Betty, la fea",La Loi du puma,Space Ghost Coast to Coast,Snapped : les femmes tueuses
22,/2mKBNYVTUVm9b8Kvqe20pOP7st7.jpg,"A zany comedy show with Matt Lucas and David Walliams, featuring characters from all over Little Britain.",/AeiXvHBFCvzQo3hLD5KQkwGWD5Z.jpg,en,7.1,['GB'],tt0358856,Little Britain,Comedy,2003.0,5,Little Britain,Smosh,Mystère,Passions
23,/iRHtu9gEyYhyJW6VoIBvK0oqxu5.jpg,"The murder of Sonia Baker, a young political researcher, leads journalist Cal McCaffrey to uncover complex links between government and big business.",/qjgtpbPdj0sfhiCa79M5pS1pydT.jpg,en,7.5,['GB'],tt0362192,"State of play, jeux de pouvoir",Mystery,2003.0,6,"State of play, jeux de pouvoir","Fais pas ci, fais pas ça",Les Routes de l'impossible,Deadliest Journeys
24,/eiLAEO2XSCwyDL7yOzVieMxrvhy.jpg,"The series is based on the award-winning Brazilian film City of God, which itself was nominated for Oscars in four categories, including Best Director for Fernando Meireles. Based on the story of two friends, Laranjinha and Acerola, who live adventurous and dangerous lives in a Rio de Janeiro slum, 'City of Men' brings into sharp relief the condition of children and adolescents in these areas, realistically yet with a dose of humor.",/qZ7SgOgQZvNoCWvpVeQmOZfJOpo.jpg,pt,7.117,['BR'],tt0364801,La cité des hommes,Drama,2002.0,0,La cité des hommes,David Copperfield,Elizabeth I,Rosalinda
26,/aq5TZCcSnML58dEds2ksbCELrKN.jpg,"Margaret Hale is a southerner from a country vicarage newly settled in the industrial northern town of Milton. In the shock of her move, she misjudges charismatic cotton mill-owner John Thornton, whose strength of purpose and passion are a match for her own pride and willfulness. When the workers of Milton call a strike, Margaret takes their side, and the two are brought into deeper conflict. As events spiral out of control, Margaret - to her surprise - begins to fall in love with Thornton...",/2m3m6ateC0xmKLfyrbK45gHW6yx.jpg,en,8.1,['GB'],tt0417349,Nord et Sud,Drama,2004.0,0,Nord et Sud,Lark Rise to Candleford,Downton Abbey,Snapped : les femmes tueuses
27,/2JnYs1mNl63cfwPPqlnwZwsF74r.jpg,"The fascinating cases of every day, seemingly average moms, wives and girlfriends accused of murder. Did they really do it? And if so, why?",/46YGiC5kJhX6ArAwOR8ONwCTgck.jpg,en,7.9,['US'],tt0429434,Snapped : les femmes tueuses,Crime,2004.0,2,Snapped : les femmes tueuses,La Loi du puma,Bakuman,Nord et Sud
28,/5VtM3VKZCyFuvG7rIdgJjgVUlGa.jpg,"Elizabeth I is a two-part 2005 British historical drama television miniseries directed by Tom Hooper, written by Nigel Williams, and starring Helen Mirren as Elizabeth I of England. The miniseries covers approximately the last 24 years of her nearly 45-year reign. Part 1 focuses on the final years of her relationship with the Earl of Leicester, played by Jeremy Irons. Part 2 focuses on her subsequent relationship with the Earl of Essex, played by Hugh Dancy.

The series originally was broadcast in the United Kingdom in two two-hour segments on Channel 4. It later aired on HBO in the United States, CBC and TMN in Canada, ATV in Hong Kong, ABC in Australia, and TVNZ Television One in New Zealand.

The series went on to win Emmy, Peabody, and Golden Globe Awards. The same year, Helen Mirren starred as Queen Elizabeth II in The Queen, with which she dominated the award season.",/dPCD0MdbMdOkbKjtLdqemM57ZH.jpg,en,7.179,['GB'],tt0465326,Elizabeth I,Drama,2005.0,0,Elizabeth I,Waterloo Road,La cité des hommes,"Pigalle, la nuit"
29,/uGyze9Wd98oBVYBS4Bzlq2GcfbU.jpg,"Waterloo Road is a UK television drama series the first broadcast was in the United Kingdom on BBC One on 9 March 2006. Originally set in a troubled comprehensive school in Rochdale, England, the location of the show was moved to the former Greenock Academy in Greenock, Scotland in 2012. The series focuses on the lives of the school's teachers and students, and confronts social issues such as extramarital affairs, abortion, divorce, child abuse, and suicide.

Waterloo Road is produced by Shed Productions, the company responsible for Bad Girls and Footballers' Wives.",/gZoVJ0iVcyFDtrS8a7vFaiQfNa8.jpg,en,7.2,['GB'],tt0487189,Waterloo Road,Drama,2006.0,0,Waterloo Road,Elizabeth I,La cité des hommes,"Pigalle, la nuit"
30,/nWMy7zZC8zoVDdimRMJysNZop2u.jpg,A detective works to solve a string of cases involving missing girls.,/r63iafsepILAzG3IFC1cfXjtbE9.jpg,fr,7.2,['FR'],tt0831200,Les oubliées,Crime,2008.0,2,Les oubliées,Braquo,Rosario Tijeras,Falco
31,/631J5xZt4bVNtSQWIKAzUFQmHfu.jpg,"Lascars is a French animated series created by Boris Dolivet, aka El Diablo, it was aired on the French channel Canal + for the first time in 1998. This series spawned two seasons, the first one in 1998 and the second in 2007, a pilot for a project of a 20 minute series, a comic and a movie. The episodes follow the mishaps of young men living in a district, the series is rife with hip-hop culture, most of the voice cast are French rappers.

Lascars shorts aired in Canada on Teletoon under the title Homiez in English.",/b45bxHEPMPsUrGlSyfo6p099b4J.jpg,fr,7.2,['FR'],tt0856138,Lascars,Animation,1998.0,3,Lascars,Les tragédies minuscules,Les Griffin,Oggy et les cafards
33,/v1uB1UiKhuSSh982wyNRFrWfLp2.jpg,A strange geometric shape in a field becomes the key to a young woman's dark family past.,/l5xzUxIraNX3IxIxnpyNryPsAZv.jpg,fr,7.0,['FR'],tt0997268,Mystère,Mystery,2007.0,6,Mystère,Smosh,Little Britain,Détectives
34,/6KqJb0UcoDRSv2ek22sw1OBMLF0.jpg,"In a brewing war between the gods of Olympus and the titans, Heron, a commoner living on the outskirts of ancient Greece, becomes mankind's best hope of surviving an evil demon army, when he discovers the secrets of his past.",/zXRR5tgGLtKrRmuN4ko9SLAdCiZ.jpg,en,7.8,['US'],tt10009170,Blood of Zeus,Animation,2020.0,3,Blood of Zeus,I Was Reincarnated as the 7th Prince So I Can Take My Time Perfecting My Magical Ability,Re: Zero - Starting Life in Another World,Gangs of London
35,/k7if58AYhpJcTBfM5x3D056JNmC.jpg,"After meeting an untimely demise in separate incidents, Cha Min and Go Se-yeon discover they’ve come back to life in new bodies they don’t recognize.",/ttcqbLutnHABQwDiW1k7dxnsJLV.jpg,ko,8.137,['KR'],tt10055734,Eobiseu,Comedy,2019.0,5,Eobiseu,Aynen Aynen,True Beauty,Tyler Perry's Young Dylan
36,/yhzrN644c0ax3CrZnfzkQWD4aVX.jpg,"Tired of the constant comments on her relationship status, perpetually single Johanne starts a 24-day hunt for a boyfriend to bring home for Christmas.",/9ISBql67OPMVZtTt5ZBWD3FBQpG.jpg,no,7.3,['NO'],tt10069398,Home for Christmas,Comedy,2019.0,5,Home for Christmas,Family Business,Last One Standing,Pooreun Badaui Junsul
37,/1YU4caJKDH2zOaKlpvdXHpaOwO0.jpg,"Set during the period of the 1894 Donghak Peasant Revolution against the Japanese, the drama tells the story of two half-brothers, one illegitimate and low born, and one, part of the pro-Japanese ruling elite, who find themselves on opposite sides of the conflict.",/kKCvoDIp36NvZPu5TGfW9ALzBEf.jpg,ko,7.3,['KR'],tt10101380,The Nokdu Flower,Drama,2019.0,0,1994,The Nokdu Flower,Devils,Les sauvages
38,/lCQLHWbLD45eXwQevGUkwKgd4li.jpg,"On the verge of an historic election victory, an Arabic candidate for the French presidency sees his ambitions threatened by a perfect storm of religious, cultural, and family politics.",/w09T4KO1usVsO1eR6iM2HKz1Gwj.jpg,fr,7.192,['FR'],tt10371844,Les sauvages,Drama,2019.0,0,Les sauvages,La sélection,The Nokdu Flower,1994
39,/nPhrJRN1U95NJiOfwtGF2GlZP4a.jpg,"Seeking to recover his memory, a scissor-wielding, hairdressing, bungling quasi-assassin stumbles into a struggle for power among feuding factions.",/nuovZ11MA2pHx6xQVpOFc6Jl1V0.jpg,zh,8.6,['CN'],tt10384610,Scissor Seven,Animation,2018.0,3,Scissor Seven,Bluey,Douluo Dalu,SPY×FAMILY
40,/jyvOp7oWNueMQsIUZCiHtMppQC2.jpg,"The dramatised account of how the world’s greatest Special Forces unit, the SAS, was formed under extraordinary circumstances in the darkest days of World War Two.",/qEaxiDrPaTY34eIg6naXMfM2IKC.jpg,en,7.6,['GB'],tt10405370,SAS Rogue Heroes,Drama,2022.0,0,SAS Rogue Heroes,Mellangkollia,Bad Romeo,Minuit au Pera Palace
41,/oQd4y7GjGWJfkw7Ub8rZhjNjTvw.jpg,"After learning France is about to legalize pot, a down-on-his-luck entrepreneur and his family race to turn their butcher shop into a marijuana café.",/xj8rrY53f5RtrhoI2Zliz3DPU31.jpg,fr,7.165,['FR'],tt10423460,Family Business,Comedy,2019.0,5,Family Business,Home for Christmas,Lopez contre Lopez,Last One Standing
42,/olMqKtUQp4Hv4H2MErI2mrBzXZr.jpg,"Four stylish and ambitious best girlfriends in Harlem, New York City: a rising star professor struggling to make space for her love life; a savvy tech entrepreneur always dating someone new; a no-filter singer; and a hopeless romantic fashion designer. Together, they level up into the next phase of their careers, relationships, and big city dreams.",/qDK5ZUl2ad2IxoRABbuvVt2NW9v.jpg,en,7.8,['US'],tt10608454,Harlem,Comedy,2021.0,5,Harlem,Kumovi,Tyler Perry's Young Dylan,Geunyeoui Sasaenghwal
43,/pRJ1ANZcsL6CqFDAtp7Pb1YGZxU.jpg,"Young diplomat Álex Ventura teams with a combative public official and a brilliant American lawyer to recover treasure stolen by Frank Wild, who travels the world plundering historic items from the ocean.",/nkMNmEzGCPCKUSrBeaLwJFi0SjW.jpg,es,7.0,['ES'],tt10714778,La Fortuna,Drama,2021.0,0,La Fortuna,J'ai menti,The Responder,Suits
44,/iU9XUnuBL3AwLYguBywg2lpp0sZ.jpg,"Set in the small hamlet of Lark Rise and the wealthier neighbouring market town, Candleford, the series chronicles the daily lives of farm-workers, craftsmen and gentry at the end of the 19th Century. Lark Rise to Candleford is a love letter to a vanished corner of rural England and a heart-warming drama series teeming with wit, wisdom and romance.",/ygnOo7IBXLoGsIHowAezLI4k0BD.jpg,en,8.3,['GB'],tt1077744,Lark Rise to Candleford,Drama,2008.0,0,Lark Rise to Candleford,Downton Abbey,Nord et Sud,True Detective
46,/adSgugIoQiEQw3DLIwANdyjgrXC.jpg,"Jenny Jang is poor and works at bathhouse in Gangnam, Seoul. She starts a new job as a housemaid for a conglomerate family. She becomes successful and then runs J Boutique. She also begins work as a lobbyist. Jenny Jang gets involved in an international city development project.",/ealFfjKtftXqmWesZM6AKQlV264.jpg,ko,7.5,['KR'],tt10850842,Sikeurit Butikeu,Drama,2019.0,0,Sikeurit Butikeu,Le Serpent,Mellangkollia,Devils
47,/7urszXOp3Bkt4hMrj9W0wiXuBAb.jpg,"The daily life of two neighboring families, the Bouley and the Lepic, with literally opposite educational methods. Despite their social and cultural differences, they are friends and do not hesitate to face worries...",/kbhDlWULVibcsiNLYDBVXnpINfW.jpg,fr,7.6,['FR'],tt1101174,"Fais pas ci, fais pas ça",Comedy,2007.0,5,"Fais pas ci, fais pas ça",A Favorita,"State of play, jeux de pouvoir",Workingirls
48,/vhQffuCmvj9LGl5ZaEdt90VjfcM.jpg,Young Dylan’s grandmother decides to send him to live indefinitely with her affluent son’s family. The Wilson family household is soon turned upside down as lifestyles clash between aspiring hip hop star and his straight-laced cousins.,/gch0Y3uJTsHhbEgMdmpDx9Wippc.jpg,en,7.9,['US'],tt11097072,Tyler Perry's Young Dylan,Comedy,2020.0,5,Tyler Perry's Young Dylan,Aynen Aynen,Harlem,Kumovi
49,/dQkoLG7upYdTQI8Vvifs0jmkVUw.jpg,"Zhang Qing, a present-day college student in culture and history major wants to study in professor Ye's postgraduate class, so he decides to write a historical fiction to elaborate his perspective of analyzing ancient literature history with modern concept. In the fiction, Zhang himself acts as a young man Fan Xian with mysterious life who lives in a remote seaside town of Kingdom Qing in his childhood, under the help of a mysterious mentor and a blindfolded watchman. Fan goes to the capital when he grows up, where he experiences plenty of ordeal and temper. Fan persists in adhering the rule of justice and goodness and lives his own glorious life.",/vlHJfLsduZiILN8eYdN57kHZTcQ.jpg,zh,8.124,['CN'],tt11273352,Qing yu nian,Drama,2019.0,0,Qing yu nian,The Chi,Record of Youth,Zakhm Kari
50,/e6pZu9NLb1QLxGIKKsXb79E6hvO.jpg,A look at relevant scientific issues,/h7JbyWsJWoqBsNfVrrV6JWQbL6r.jpg,fr,8.0,['FR'],tt11470580,Science grand format,Documentary,2016.0,7,Science grand format,Nanaroscope!,Master's Sun,Binny et le fantôme
52,/9TEWo6dVn9cHGuegR2gXkf3J7jI.jpg,"Under pressure, fraying at the edges. In relentless night-time Liverpool, copper Chris is paired with a rookie. Will they save or destroy each other?",/mU51EB4OSEL7oxMIub1Rl7N0xFB.jpg,en,7.0,['GB'],tt11899030,The Responder,Drama,2022.0,0,The Responder,Suits,J'ai menti,La Fortuna
53,/627K48naKH2Y3Rz47Ydra4qktdI.jpg,"Follow Captain Christopher Pike, Science Officer Spock and Number One in the years before Captain Kirk boarded the U.S.S. Enterprise, as they explore new worlds around the galaxy.",/7Cp5w4X8xH2x4xDk67C5kMC5ePA.jpg,en,8.138,['US'],tt12327578,Star Trek: Strange New Worlds,Sci-Fi & Fantasy,2022.0,8,Star Trek: Strange New Worlds,The Time Traveler's Wife,Nanaroscope!,Science grand format
54,/3qSacGout8iH1VqMmJQx7cmBykY.jpg,"Sin Senos no hay Paraíso is a RTI Colombia–Telemundo remake and loose adaptation of the original Colombian series Sin Tetas No Hay Paraíso. The series is based on investigative journalist Gustavo Bolivar's debut novel and features an attractive young prostitute who desires to have massive breast implants in order to attract a rich cocaine smuggler. It is also based on a true story. The series premiered on June 16, 2008;",/pSsQ5rFalyT7ehwgeSlITgBSi5S.jpg,es,7.475,['CO'],tt1244387,Sin senos no hay paraíso,Action & Adventure,2008.0,1,Sin senos no hay paraíso,Rosario Tijeras,Tree with Deep Roots,Les oubliées
55,/fDBIVzxxtQ6jA0AindKKTkWEMq2.jpg,"Donatela and Flora, two friends who became rivals. One of them committed a homicide and pretends to be innocent. There are two versions for the same story. Who, after all, is telling the truth? Donatela or Flora?",/9P1bP4G6t8A3BCoscADJV2Rpsi1.jpg,pt,7.7,['BR'],tt1256139,A Favorita,Soap,2008.0,4,A Favorita,"Fais pas ci, fais pas ça",Rita & Whatsit,Verdades Secretas
56,/rulrZar942TxA7vn6OPjOEd7clR.jpg,"When a deadly virus wipes out most of the world's population, a handful of survivors struggle to stay alive.",/4aoLtU9XZ4HT7rlFnc0vnk20pos.jpg,en,7.2,['GB'],tt1258189,Les Survivants,Sci-Fi & Fantasy,2008.0,8,Les Survivants,Deadliest Journeys,Les Routes de l'impossible,Mystère
57,/18ypvPahjmmue1iR4N4YgTBrO8N.jpg,"In a cutthroat world where the life you’re born into decides your success, three aspiring youths are determined to change that perception as they fight for their dreams.",/54yTLS5d4OPOuunzOvHlmP82eIT.jpg,ko,8.209,['KR'],tt12850322,Record of Youth,Drama,2020.0,0,Record of Youth,Zakhm Kari,Mortal Wound,Qing yu nian
58,/joEPlCHbuC3fa2dYxqbrPb2ozYx.jpg,"Wielding a light-up sword through the dark corners of a high school, a nurse with an unusual gift protects students from monsters only she can see.",/uemn2sQ4FsnplGxRGebMmwbgeex.jpg,ko,7.4,['KR'],tt12879522,The School Nurse Files,Sci-Fi & Fantasy,2020.0,8,The School Nurse Files,Invasion,Üç Kiz Kardes,The Search for WondLa
59,/4LZuFMhLivOSO7zuWAQ3RffMnnr.jpg,"Following her father's murder, a revenge-driven woman puts her trust in a powerful crime boss — and enters the police force under his direction.",/l3Bn2jgYndSFvcPpddqMxQXiiCe.jpg,ko,8.243,['KR'],tt12940504,My Name,Crime,2021.0,2,My Name,Vigilante,DENGELER: Biri Olmak,Ma Star
60,/3E1GroTJCRdIYHa5n62GqjmqxQR.jpg,"Lim Ju-kyung is a high school student. Since she was little, she has had a complex about her appearance. To hide her bare face, Ju-kyung always wears make-up. Her excellent make-up skills make her pretty and she hides her bare face in front of others. She gets involved with 2 men; Lee Su-ho and Han Seo-jun.",/sld43SJArZqlnANJabq8R5wdOZk.jpg,ko,8.325,['KR'],tt13274038,True Beauty,Comedy,2020.0,5,True Beauty,Eobiseu,Brassic,The Chosen Granddaughter
62,/n5MXQXuj5RnpZcxvDtO4sgzcKaY.jpg,"At a historic Istanbul hotel, a journalist is unexpectedly thrust into the past and must stop a plot that could change the fate of modern Turkey.",/esrggEWrlpjncn6y4tyHBJ0syLn.jpg,tr,7.7,['TR'],tt13317508,Minuit au Pera Palace,Drama,2022.0,0,Minuit au Pera Palace,Bad Romeo,Kazara Ask,Law School
63,/urKRigdnyltCutcrBzBa7TVnIKd.jpg,"At the age of eight, Park Joo Hyeong left for Italy after being adopted. Now an adult, he is known as Vincenzo Cassano and employed by a Mafia family as a consigliere. Due to warring Mafia factions, he flies to South Korea where he gets involved with lawyer Hong Cha Young. She is the type of attorney who will do anything to win a case. Now back in his motherland, he gives an unrivalled conglomerate a taste of his own medicine—with a side of his own version of justice.",/qbkSS1cTjT4DzIwD44bdhTuYgdT.jpg,ko,8.544,['KR'],tt13433812,Binsenjo,Action & Adventure,2021.0,1,Binsenjo,Alparslan: Büyük Selçuklu,Mehmetçik Kut'ül Amare,Trop
64,/g7l0xDb4abjjfV5ZckMeB2NM755.jpg,"The sharp, witty and enigmatic DI Annika Strandhed, as she heads up a new specialist Marine Homicide Unit (MHU) that is tasked with investigating the unexplained, brutal, and seemingly unfathomable murders.",/8jRoGLyOnTMyLhWajG0ye6KKw0h.jpg,en,7.196,['GB'],tt13643704,Annika,Mystery,2021.0,6,Annika,Last One Standing,Lopez contre Lopez,Love in Translation
65,/lysUnU6V0VfcthDbviuVlIqgHOR.jpg,"World peace is at stake and secret agent Twilight must undergo his most difficult mission yet—pretend to be a family man. Posing as a loving husband and father, he'll infiltrate an elite school to get close to a high-profile politician. He has the perfect cover, except his wife's a deadly assassin and neither knows each other's identity. But someone does: his adopted daughter, who's a telepath!",/3r4LYFuXrg3G8fepysr4xSLWnQL.jpg,ja,8.6,['JP'],tt13706018,SPY×FAMILY,Animation,2022.0,3,SPY×FAMILY,L'Enfant d'une Star,Ma Star,Dandadan
67,/omDV0Luf7wLPaAPwFWBAwdgKJRN.jpg,"Tor is the love child of a mistress and a wealthy hi-so man. After his mother dies from neglect, Tor is forced to live with his father’s family. Abused by his stepmother and stepbrother, he turns to the girl-next-door Mingta who also suffers neglect at the hands of her so-called mother and sister.

One night, while being chased by his stepmother, Tor jumps into a river and is presumed dead though he survives. He is taken under the wing of a sex worker who knew his mother and takes on a new life under the alias Sila. Years later, he returns as a notorious rich pimp with plans to avenge his mother and get revenge for the torture and pain brought to him by his stepmother and stepbrother.",/4BM1dBmP9pc3KSUHhkPuYikXA7m.jpg,th,7.0,['TH'],tt13846080,Hua Jai Sila,Drama,2019.0,0,Hua Jai Sila,Be with You,J'ai menti,La Fortuna
68,/17yvu1IGd1sTLugw2yXO1i2R3cT.jpg,"Following the case of the murder of a professor at South Korea's top prestigious law school, professors and students become suspects in the murder.",/52LCQBgB9Lu0djjIU24p6YI5sQk.jpg,ko,7.7,['KR'],tt13885336,Law School,Drama,2021.0,0,Kazara Ask,Law School,Minuit au Pera Palace,Bad Romeo
70,/8FKn2nxbWWRC8S4Y5CuBOICyZJy.jpg,"Forced to flee her underground sanctuary for Earth’s surface, Eva discovers a world unlike anything she expected. As she journeys across perilous terrain and unknown civilizations, Eva searches to answer the ultimate question: Is she the last human?",/8kkrmc41lTk6eT2osAMzd4W0cSI.jpg,en,7.523,['US'],tt14076044,The Search for WondLa,Sci-Fi & Fantasy,2024.0,8,The Search for WondLa,Parasyte: The Grey,The Time Traveler's Wife,The School Nurse Files
71,/lJVtcLeH2PHKwC3V4V31F00ooQw.jpg,A group of police officers in Paris use violence and intimidation to solve crimes.,/uZNrgZq8XAixiel5enJm0HpGJAC.jpg,fr,7.1,['FR'],tt1429534,Braquo,Action & Adventure,2009.0,1,Braquo,Rosario Tijeras,"Pigalle, la nuit",A.D. La guerre de l'ombre
73,/xrUzqxyGEgXDSreNT7iup8gMU01.jpg,Gordon Rogers attempts to save an unraveling secret mission that threatens to reveal an unthinkable conspiracy.,/jvW0eWMavb2DyP6K2huGlSui8RE.jpg,en,9.4,['US'],tt14597282,The Green Veil,Drama,2024.0,0,The Green Veil,Cherry Magic,Veda Mektubu,Al Atawla
74,/cAKsvmqRRYdn7AM78ywyVqEfcdX.jpg,"Maleki is one of the managers of a successful company run by Rizabadi. Rizabadi instructs him to negotiate a major oil deal with the Norwegians. After signing the contract, the Norwegians want to transfer the contract amount, which is several million dollars to the company's account.",/vEMDGbRvB4opkOJXLSWHUVE0u6c.jpg,fa,8.2,['IR'],tt14781024,Mortal Wound,Drama,2021.0,0,Mortal Wound,Zakhm Kari,Record of Youth,The First Responders
75,/cAKsvmqRRYdn7AM78ywyVqEfcdX.jpg,"Maleki is one of the managers of a successful company run by Rizabadi. Rizabadi instructs him to negotiate a major oil deal with the Norwegians. After signing the contract, the Norwegians want to transfer the contract amount, which is several million dollars to the company's account.",/vEMDGbRvB4opkOJXLSWHUVE0u6c.jpg,fa,8.2,['IR'],tt14781024,Zakhm Kari,Drama,2021.0,0,Mortal Wound,Zakhm Kari,Record of Youth,The First Responders
76,/bebZzFw1mBzF9UwCO3ocW0PIIby.jpg,"A family moves into their suburban dream home, only to discover they've inherited a nightmare.",/6RrseODZo2e66XOzC1XMzMuecnf.jpg,en,7.187,['US'],tt14852808,The Watcher,Drama,2022.0,0,The Watcher,Bardot,Brigitte Bardot,Lidia fait sa loi
77,/84Z6N0ljUXzOFpyLSOfMUSIj36v.jpg,"The story of a working-class, old-school Latino father who moves in with his modern Gen Z daughter as they rebuild their dysfunctional relationship one argument at a time.",/b9Wi3P36R1p4QV0vyBSIvoQ8qNH.jpg,en,7.133,['US'],tt14852960,Lopez contre Lopez,Comedy,2022.0,5,Lopez contre Lopez,Last One Standing,Dreamland,Love in Translation
78,/B3DBxwIB4lpxCR20cz3XzUwQk8.jpg,Two Boys Making Videos,/3vS0Jf7iZrxEFwwaBvrZRMoXoHe.jpg,en,7.0,['US'],tt1500910,Smosh,Comedy,2005.0,5,Smosh,Little Britain,Mystère,Détectives
79,/aLC4Uh8v2VRmT1cRfNspFHp6OFj.jpg,"This psychological thriller follows two Navajo police officers, Leaphorn and Chee, in the 1970s Southwest as their search for clues in a grisly double murder case forces them to challenge their own spiritual beliefs and come to terms with the trauma of their pasts.",/yXqengcZnjoWJlns0Guv9Svg7nv.jpg,en,7.5,['US'],tt15017118,Dark Winds,Crime,2022.0,2,Dark Winds,Hors-saison,Hors-Saison: Une enquêtrice prise au piège,NCIS: Origins
80,/o1nR94dBFSeqIObHdT8C0WllR67.jpg,"It deals with the state structure, political events, wars of the Great Seljuk Empire and the life of Sultan Alparslan.",/4wKqK8T1wTdhXfhnZzz2TuJE2Zh.jpg,tr,8.6,['TR'],tt15087526,Alparslan: Büyük Selçuklu,Action & Adventure,2021.0,1,Alparslan: Büyük Selçuklu,Binsenjo,Mehmetçik Kut'ül Amare,Trop
81,/3Fvrl7H2m2CP1IFBnVamCsrvKLq.jpg,"A sexual scandal between a math teacher and a student in a prestigious high school ended in tragedy. 4 years later they meet again, now as adults, to reveal the corruptions in school and to regain one's reputation as a teacher.",/cn3CIR5LaKubPmzOv5jsxcQQwkZ.jpg,ko,7.6,['KR'],tt15146242,Mellangkollia,Drama,2021.0,0,Mellangkollia,SAS Rogue Heroes,Le Serpent,Law School
82,/7kB3zPoFkDrBEbkWxfIG3XMEOsm.jpg,"35-year-old Audrey, the only survivor of a mysterious serial killer who raged in the Biarritz region 16 years earlier, is brutally taken back to her past by a new crime: a 17-year-old girl is found murdered on the Basque coast. Nothing links this murder to the series of crimes committed in the early 2000s by the ""Itsas Killer,"" but Audrey is certain that Itsas is back.",/hGXHPbk95RNZ4Yhht84EGRkSEoL.jpg,fr,7.0,['FR'],tt15239192,J'ai menti,Drama,2021.0,0,La Fortuna,J'ai menti,The Responder,Suits
83,/pA4t1a58gQPhzdKJMUjFvUYwmWu.jpg,"In late 19th-century Turin, the young Lidia Poët, fights against everything and everyone to get what is rightfully hers: to be enrolled in the official register of lawyers. A profession, at the time, reserved exclusively for men. Nevertheless, nothing could stop her dream of becoming the first female lawyer in Italy.",/bhTLskf3XNALpk3tZGm7lG2ChAx.jpg,it,7.3,['IT'],tt15441160,Lidia fait sa loi,Drama,2023.0,0,Lidia fait sa loi,Alert,Black Knight,The Recruit
84,/aAVRi7XqkJZE6uUEn2Enbhj8rPx.jpg,"The tight-knit Garvey sisters have always looked out for one another. But when the toxic brother-in-law they all wanted dead actually dies, it turns their lives upside down and tests their bond like nothing before.",/2koAJYgO1AT73a0xA8Zg30Brw98.jpg,en,7.529,['GB'],tt15469618,Bad Sisters,Comedy,2022.0,5,Bad Sisters,Unlock My Boss,Kid Sister,Family Matter
85,/rGkjtv6UdL1ysDmZuBjbNl3PAA1.jpg,"Sunny, a brilliant small-time artist is catapulted into the high-stakes world of counterfeiting when he creates the perfect fake currency note, even as Michael, a fiery, unorthodox task force officer wants to rid the country of the counterfeiting menace. In this thrilling cat-and-mouse race, losing is not an option!",/cTS86RwEBIDgCgUmjWQTSoPsK6p.jpg,hi,7.8,['IN'],tt15477488,Faux,Drama,2023.0,0,Story of Kunning Palace,Faux,The Way Home,Un jour
86,/ozhagEF9CnUF21gZi6r1gkcOl8o.jpg,"End of the winter season in “Les Cimes”, a small ski resort in the Swiss Alps. As the snow melts, the body of a murdered woman appears near the French border. At the head of the investigation, Inspector Sterenn Peiry, however, keeps a dark secret...",/pTGwOkbvB0MvPxw96GCXev1J8lr.jpg,fr,7.2,['CH'],tt15479692,Hors-saison,Crime,2022.0,2,Hors-saison,Hors-Saison: Une enquêtrice prise au piège,Piste Noire,Dark Winds
87,/ozhagEF9CnUF21gZi6r1gkcOl8o.jpg,"End of the winter season in “Les Cimes”, a small ski resort in the Swiss Alps. As the snow melts, the body of a murdered woman appears near the French border. At the head of the investigation, Inspector Sterenn Peiry, however, keeps a dark secret...",/pTGwOkbvB0MvPxw96GCXev1J8lr.jpg,fr,7.2,['CH'],tt15479692,Hors-Saison: Une enquêtrice prise au piège,Crime,2022.0,2,Hors-saison,Hors-Saison: Une enquêtrice prise au piège,Piste Noire,Dark Winds
88,/dkEzyB7oZsCZc1uBG0ltgEiFojS.jpg,"Using modern forensic science techniques and criminalistics to revisit the violent murder of an Egyptian pharaoh, the inexplicable disappearance of two young princes, the questionable suicide of a troubled artist, and more cold cases.",/3DrXuK8lhrJIMzx5AVT8Iz4Riw9.jpg,de,9.0,['DE'],tt15625682,Cold Case,Documentary,2021.0,7,Cold Case,RoOT - Route of OddTaxi -,Brassic,Waverly Place: les nouveaux sorciers
89,/o6rx5lTNKbt5UFestOmQ34en1do.jpg,"In 1979 an avalanche catches Tony Mammoth unaware - thought dead, Tony is brought back to the land of the living in 2021.",/56iodaqSedC7kjhMZUk6dfEQyNE.jpg,en,7.0,['GB'],tt15868638,Mammoth,Comedy,2024.0,5,Mammoth,Such Brave Girls,Dreamland,Lopez contre Lopez
90,/rey2eh6752C2UbGYRileKk1PVTo.jpg,A fledgling lawyer at the CIA that becomes enmeshed in dangerous international power politics when a former asset threatens to expose the nature of her long-term relationship with the agency unless they exonerate her of a serious crime.,/mLbFg0u2DPYuB5CILzwWk3kdI8b.jpg,en,7.4,['US'],tt16030542,The Recruit,Drama,2022.0,0,The Recruit,Alert,Black Knight,Hi Cookie
91,/vXbSoGHWtzViIgHxcD3tqLTr0lc.jpg,"A chronicle of the lives of the aristocratic Crawley family and their servants in the post-Edwardian era—with great events in history having an effect on their lives and on the British social hierarchy.

",/7HgDYRYjym4BwbhKaqTQq771SKb.jpg,en,8.1,['GB'],tt1606375,Downton Abbey,Drama,2010.0,0,Downton Abbey,Lark Rise to Candleford,True Detective,Nord et Sud
92,/37cfVRhYW9ylMqH0ok1sSZXcWWN.jpg,Two men from prominent families vie for the affections of a beautiful yet dangerous woman.,/13JdedQwxn9hhTM3wFbZL12aFfU.jpg,es,7.316,['CO'],tt1612716,Rosario Tijeras,Action & Adventure,2010.0,1,Rosario Tijeras,Sin senos no hay paraíso,Braquo,Tree with Deep Roots
93,/gCLhbOZJaYv5HjKMU4aMntLMUQs.jpg,"Once upon a time in a beautiful yet mysterious country, there lived three sisters named Türkan, Dönüş, and Derya. As a close-knit family, they would dream of a promising future every night. Perhaps such an upbringing, that was similar to a fairy tale on the pine-scented streets of Ayvalık, had not prepared them for the grim reality of adulthood. Over time, the sisters discover that life and the choices that are accompanied by it are not as easy as they seem. Inconceivable secrets can be hidden even by those who are trusted the most and horrific illnesses can lead to the resurrection of the past. This leads them to the question: Is there anything in the world that time cannot heal?",/3kaHac8zpJykxVdXM6Fse3AYj9W.jpg,tr,7.4,['TR'],tt16259122,Üç Kiz Kardes,Family,2022.0,9,Üç Kiz Kardes,Bandish Bandits,The School Nurse Files,The Search for WondLa
94,/4zP0CfrUBQFWMlWoB4p8aS4D4IA.jpg,"After spending graduation night together, Emma and Dexter go their separate ways — but their lives remain intertwined.",/9QXmXBXlMoe8GgFij9vZpgJPWg1.jpg,en,7.8,['GB'],tt16283804,Un jour,Drama,2024.0,0,Un jour,Story of Kunning Palace,The Way Home,Faux
95,/g9Ofv2yQ0mXKXMaqNIMdpKCKZqi.jpg,"Ibrahim reluctantly accepts becoming the legal guardian of his estranged daughter for six months, setting himself up for hilarious and lifechanging experiences.",/e1qHXztAV1cd1xcn53zF1WzBIro.jpg,ar,7.6,['EG'],tt16442566,Family Matter,Comedy,2021.0,5,Family Matter,Bad Sisters,Unlock My Boss,Kid Sister
96,/oijt2MxpCZQfhPwW62df0Vv5zTe.jpg,"The plot of the series takes us to Zaglav, the road to the remote area divides Zaglav into two opposing camps, on one side is the Macan family, newly rich and guest workers, and two opposing camps. All three families are connected by a godfather and interest will clash in the race for money and decide the fate of the place.",/h8gfcNpLgJoQYE1ELFaOv17oOix.jpg,hr,7.8,['HR'],tt16636212,Kumovi,Comedy,2022.0,5,Kumovi,Harlem,Tyler Perry's Young Dylan,Family Matter
97,/ipWV7ecNa7NZkCXkaom1Ns6Dp3o.jpg,"In a dystopian 2071 devastated by air pollution, the survival of humanity depends on the Black Knights — and they’re far from your average delivery men.",/ucz3ZboT2Sb12yum51Q4J8M0myb.jpg,ko,7.4,['KR'],tt17013106,Black Knight,Drama,2023.0,0,Black Knight,Alert,Hi Cookie,The Recruit
98,/2tbcQK7H3t1ia3pArvNt4ZXyL7T.jpg,"Moritaka Mashiro, a high school student, is persuaded by his classmate, Akito Takagi, to become an aspiring manga artist when the latter realizes his natural talent as an artist. However, Moritaka is reluctant as his uncle, once an artist with his own manga, died from overwork. With Akito's help, Moritaka gets his school crush, Azuki Miho, who is an aspiring voice actress, to act in the anime adaptation of their future manga once it is completed. However, Mashiro also proposes to Azuki, who surprisingly accepts only on the condition she will marry him when both of them have achieved their dreams. With a goal set before him, Mashiro begins a long and struggling path to become a famous manga artist.",/qV9YKERarwB1ppOY33gcEif3FkZ.jpg,ja,8.1,['JP'],tt1738419,Bakuman,Animation,2010.0,3,Bakuman,Re: Zero - Starting Life in Another World,A Favorita,Snapped : les femmes tueuses
99,/crA00CIs9jFpn2BkhrBTtjF1afG.jpg,"They're comedians starring in a thrilling drama, but if their jokes don't land in the unscripted scenes, they're off the show. Let the mayhem begin!",/ccrIAENWOZE7gcXFrTwL8QqcW99.jpg,ja,7.2,['JP'],tt18246842,Last One Standing,Comedy,2022.0,5,Last One Standing,Love in Translation,Lopez contre Lopez,Dreamland
100,/wge5FrHo6GLb4RpP9Ud1VvjEQap.jpg,"When police officer Nikki Batista’s son goes missing, she joins the Philadelphia Police Department's Missing Person’s Unit (MPU) to help other people find their loved ones, even as she searches for her own. Six years later, her world is turned upside-down when her ex-husband, Jason Grant, a former police officer, shows up with a proof-of-life photo of their missing boy. Or is it?",/kwJ91wfllDsXF3yi9Cvf57uQTNM.jpg,en,7.4,['US'],tt18699118,Alert,Drama,2023.0,0,Black Knight,Alert,Hi Cookie,The Recruit
101,/crXtVaUWKDd2CihDmKGD6dUyMAV.jpg,"Sisters Josie and Billie and their single mother Deb navigate life armed with nothing but poor judgement and self-esteem exclusively tied to people who couldn't care less about them. They're vain, selfish, heavily in debt, pathologically desperate for affection and bursting with misplaced, terrifying love.",/7g60yren32dIyR0ZsMFPXWn3vGt.jpg,en,7.0,['GB'],tt18974452,Such Brave Girls,Comedy,2023.0,5,Such Brave Girls,Mammoth,Dreamland,Lopez contre Lopez
102,/c1wBucDd0HkgLOOkXYDmHBvsgXo.jpg,"Lulu, a loveable train wreck, goes on a laugh-out-loud ride as she struggles to balance her love of family and culture with finding her own path… one mistake at a time.",/5Xlk4X8VrufpOIbPqCKkH4tI74S.jpg,en,7.5,['NZ'],tt18988144,Kid Sister,Comedy,2022.0,5,Unlock My Boss,Kid Sister,Bad Sisters,Family Matter
103,/rMz3QvVJjeOvBwGBUDS8cArMLlf.jpg,"The life of the French actor Brigitte Bardot and model from 1949, when she first appeared on the cover of a magazine, to the birth of her son in 1960.",/5fAHVS8C88mWvwzMWqchNwYVcQO.jpg,fr,7.1,['FR'],tt19001296,Brigitte Bardot,Drama,2023.0,0,Bardot,Brigitte Bardot,Sakla Beni,Boat Story
104,/rMz3QvVJjeOvBwGBUDS8cArMLlf.jpg,"The life of the French actor Brigitte Bardot and model from 1949, when she first appeared on the cover of a magazine, to the birth of her son in 1960.",/5fAHVS8C88mWvwzMWqchNwYVcQO.jpg,fr,7.1,['FR'],tt19001296,Bardot,Drama,2023.0,0,Bardot,Brigitte Bardot,Sakla Beni,Boat Story
105,/iORnoqhHk0lRNDzRn742CesETyJ.jpg,"Adam turns into a lawyer in a large law firm by chance, when he reveals his secret to lawyer Zain, and together they handle many challenging cases.",/gBDSstcj7PRKWVM6p12hxD8en2w.jpg,ar,7.0,['EG'],tt19495202,Suits,Drama,2022.0,0,The Responder,Suits,J'ai menti,La Fortuna
106,/xKTpmQX2lzNHelImWyp7iFO0x1o.jpg,"Young Hind faces many embarrassing situations becouse of her mother Halima work, who works as a Folk music singer. And Hind is shocked when the man he dreamed of marrying broke up with her when he learns about her mother's work. Her suffering will increase after Omar El Maataoui, a businessman in his fifties, expressed his love for her and challenged his family to marry her.",/ulHIge4T8b7WqJdvUsI7unnpTfH.jpg,ar,10.0,['MA'],tt19876162,L'Maktoub,Drama,2022.0,0,L'Maktoub,Al Atawla,Blank,The Green Veil
107,/cvlZIRWqkwlTzMZ632nM1opQQrN.jpg,"Dr. Draya Logan, a renowned marriage and sex therapist, finds herself entangled in lies, sex and murder.",/hO5fNwb819dRwAS6XjDSNbgvP1D.jpg,en,8.1,['US'],tt20195430,Hush,Drama,2022.0,0,Hush,The First Responders,Zakhm Kari,Mortal Wound
108,/odiblaAand1lsrVbFUV48KAyClg.jpg,"When three generations of women reunite after being estranged for more than two decades, they embark on an enlightening – and surprising – journey toward healing none of them could have imagined as they learn how to find their way back to each other.",/avKyE55YwWNSLE24IGDRSfpPnaJ.jpg,en,7.8,['US'],tt20221678,The Way Home,Drama,2023.0,0,Story of Kunning Palace,Faux,The Way Home,Un jour
112,/gArCVC4ML529WMCEqOXbALdQbUq.jpg,"Dr. Goro is reborn as the son of the young starlet Ai Hoshino after her delusional stalker murders him. Now, he wants to help his new mother rise to the top, but what can a child do about the dark underbelly of the entertainment industry?",/okbW9NdKRNKgIUTVA8YZAUGwIUx.jpg,ja,8.4,['JP'],tt21030032,L'Enfant d'une Star,Animation,2023.0,3,Ma Star,L'Enfant d'une Star,SPY×FAMILY,DENGELER: Biri Olmak
113,/gArCVC4ML529WMCEqOXbALdQbUq.jpg,"Dr. Goro is reborn as the son of the young starlet Ai Hoshino after her delusional stalker murders him. Now, he wants to help his new mother rise to the top, but what can a child do about the dark underbelly of the entertainment industry?",/okbW9NdKRNKgIUTVA8YZAUGwIUx.jpg,ja,8.4,['JP'],tt21030032,Ma Star,Animation,2023.0,3,Ma Star,L'Enfant d'une Star,SPY×FAMILY,DENGELER: Biri Olmak
114,/spIS4UBGFi5gh6LWFgTn7FvTBO8.jpg,"Heiress Saikhim reunites with her former love Kaokla, once a mechanic and now the heir to a wealthy businesswoman. As she steps up to protect her father’s hotel empire, Saikhim must face off against her scheming sister-in-law and jealous relatives, all determined to take her inheritance.",/rizLDJjdRAaHU8xQ3tLga0MScar.jpg,th,7.7,['TH'],tt21054088,Bad Romeo,Drama,2022.0,0,Minuit au Pera Palace,Bad Romeo,Kazara Ask,Law School
115,/iAnNhCoBKUXWoTxgmGYrv2Qc8Dm.jpg,"A group of fun-loving American girls burst onto the scene in tightly corseted 1870s London, kicking off an Anglo-American culture clash. Sent to secure husbands and status, the buccaneers' hearts are set on much more than that.",/y8uWvyxHqD0RyS1NCBpt0nwgWR.jpg,en,7.5,['GB'],tt21108774,The Buccaneers,Drama,2023.0,0,Pit Babe,The Buccaneers,Hi Cookie,Black Knight
116,/9IVth8N1J212lA1uwxzKb3hp1Hj.jpg,"Brace yourselves - the new kids are here. Five talented black scholarship students, and an elite private school with a reputation problem. One of them will have to change...",/fHcPEs8rDXW4mwlOZxbVXxowl4M.jpg,en,8.2,['GB'],tt21438656,Boarders,Comedy,2024.0,5,Boarders,True Beauty,RoOT - Route of OddTaxi -,Eobiseu
118,/xuFNUGqEJ4cKNR7eKCowhDruhSd.jpg,"A musically talented teenager returns to her native Buenos Aires with her father, Herman, after living in Europe for several years, navigating the trials and tribulations of growing up.",/b3MUGJeKakAZwQa7lNJxTP1pJmD.jpg,es,8.1,['AR'],tt2171665,Violetta,Family,2012.0,9,Violetta,Master's Sun,Binny et le fantôme,Karagül
119,/p4rJTY1rvQrffoh2P09sty5cz8B.jpg,"When unidentified parasites violently take over human hosts and gain power, humanity must rise to combat the growing threat.",/9UPneQ4NF7g6WDNSFE5qyt88wJn.jpg,ko,7.6,['KR'],tt21874396,Parasyte: The Grey,Sci-Fi & Fantasy,2024.0,8,Parasyte: The Grey,The Search for WondLa,The Time Traveler's Wife,The School Nurse Files
120,/bxcQnlLH0eHZCwhQXTosA9WUECN.jpg,"An ordinary family faces a catastrophe: the serious illness of one of its children. Each member of the family sees their personal life impacted by this ordeal. Disasters make people more human, though not necessarily better.",/gnClHiuu8TWPzWOVVHC8S94Hzlx.jpg,fr,7.7,['FR'],tt21913366,Tout va bien,Drama,2023.0,0,Tout va bien,Trillion Game,Minuit au Pera Palace,Bad Romeo
121,/89d4BfmI9AXwXq1rnWRXFRE9B02.jpg,"In town of Margate, Eldest sister Trish is pregnant and expecting a girl baby. Her sisters Clare and Leila rally around her with their mum. But other sister Mel makes an unexpected return threatens to destabilize the entire family.",/ky2SYYS3D36XLt6LVsU0BYiDzme.jpg,en,7.1,['GB'],tt22008216,Dreamland,Comedy,2023.0,5,Dreamland,Lopez contre Lopez,Such Brave Girls,Love in Translation
122,/duqDegWMQyfLIhdMkE9bVECiX4C.jpg,"Dodging landslides in Tajikistan. Crossing bridges that could collapse at any moment in Madagascar. Battling mountain monkeys in Guyana. Journeying on icy, mountainous roads in Ladkh. Every day, children, migrants and workers undertake incredible journeys. In this action packed series, we tell their stories.",/wHgvs5zhgh3LXqs7TmI27Wpt2TP.jpg,en,7.5,['US'],tt2211761,Deadliest Journeys,Documentary,2008.0,7,Deadliest Journeys,Les Routes de l'impossible,Les Survivants,"State of play, jeux de pouvoir"
123,/duqDegWMQyfLIhdMkE9bVECiX4C.jpg,"Dodging landslides in Tajikistan. Crossing bridges that could collapse at any moment in Madagascar. Battling mountain monkeys in Guyana. Journeying on icy, mountainous roads in Ladkh. Every day, children, migrants and workers undertake incredible journeys. In this action packed series, we tell their stories.",/wHgvs5zhgh3LXqs7TmI27Wpt2TP.jpg,en,7.5,['US'],tt2211761,Les Routes de l'impossible,Documentary,2008.0,7,Deadliest Journeys,Les Routes de l'impossible,Les Survivants,"State of play, jeux de pouvoir"
124,/eesuJC91i5MPGOZvEtoa11cPqe5.jpg,Father Brown is based on G. K. Chesterton's detective stories about a Catholic priest who doubles as an amateur detective in order to try and solve mysteries.,/u8LUC3O1hiEDKP2SFZK68iYqMzl.jpg,en,7.5,['GB'],tt2215842,Father Brown,Drama,2013.0,0,Father Brown,D'une vie à l'autre,Tree with Deep Roots,Poldark
125,/vquWKQnwFIro7hQYhphUf7AH5J9.jpg,"Celia and Alan are both widowed and in their seventies. When their respective grandsons put their details on Facebook, they rediscover a passionate relationship that started over sixty years ago.",/kpIubS7v8ClGhlW3pciGnvzMQYP.jpg,en,7.1,['GB'],tt2216156,Last Tango in Halifax,Drama,2012.0,0,Last Tango in Halifax,Petits secrets entre voisins,Jugement céleste. Continuation,A.D. La guerre de l'ombre
126,/oNDHclLsVdjEuHTpyw0kcZ2TP7Z.jpg,"Deep Rooted Tree is a 2011 South Korean television series starring Jang Hyuk, Shin Se-kyung and Han Suk-kyu. Based on the novel of the same title by Lee Jeong-myeong, it aired on SBS from October 5 to December 22, 2011 on Wednesdays and Thursdays at 21:55 for 24 episodes.

Taking its name from the poem Yongbieocheonga that says that trees with deep roots do not sway, the series tells the story of a royal guard investigating a case involving the serial murders of Jiphyeonjeon scholars in Gyeongbok Palace while King Sejong comes to create the Korean written language.",/cBM4HLNMQs1UBrORf3T3tfEtuHz.jpg,ko,7.3,['KR'],tt2221405,Tree with Deep Roots,Drama,2011.0,0,Tree with Deep Roots,D'une vie à l'autre,Last Tango in Halifax,Father Brown
127,/82qpvU7AzT9D8oC02fIceb5KAz8.jpg,"An American anthology police detective series utilizing multiple timelines in which investigations seem to unearth personal and professional secrets of those involved, both within or outside the law.",/cuV2O5ZyDLHSOWzg3nLVljp1ubw.jpg,en,8.294,['US'],tt2356777,True Detective,Drama,2014.0,0,True Detective,A Chacun(e) sa guerre,The Last Kingdom,Trop
128,/na5t9LuKBv2Ys5iO8lmJ6yG46dW.jpg,A police station and a fire station adjoining each other cooperate in combating crime and fire in the most brutal and tragic cases.,/ccEYx9NoZvDJRw8Ji2E7yJYLXwt.jpg,ko,8.176,['KR'],tt23635250,The First Responders,Drama,2022.0,0,The First Responders,Mortal Wound,Zakhm Kari,Hush
129,/pWY74gqzHiqOuGoqIExKPJKHOma.jpg,"Two hard-up strangers stumble across a haul of cocaine on a shipwrecked boat. After agreeing to sell it and split the cash, they become entangled with police, masked hitmen, and a sharp-suited gangster known as 'The Tailor'.",/gaSiJDRPSgVAUHcP8GRz0Tsw0HS.jpg,en,7.0,['GB'],tt23729238,Boat Story,Drama,2023.0,0,Sakla Beni,Boat Story,The Responder,Suits
131,/bJfkWXQDKLEdEzwakrEArAqtISP.jpg,"At the brink of his death, the CEO and founder of an IT company's spirit gets stuck inside a smartphone and enlists the help of a young man to do favors on his behalf in exchange for 10 billion won.",/8SmsIBU2v4AWNNhFi5qfSUOT4ZN.jpg,ko,7.5,['KR'],tt24082562,Unlock My Boss,Comedy,2022.0,5,Unlock My Boss,Kid Sister,Bad Sisters,Family Matter
132,/5QfelKLlKiAnyHMqttUW1nxt0Ri.jpg,"Alanur, a modern and strong businesswoman, and Ziya, a businessman from Antakya, who is close to his traditions, had a great love in the past. Because their families were against this love, they unintentionally separated and started other lives.

Mehmet, the pupil of his mother Seher, is Ziya's eldest son, who plans to quit his job in the future.

A dance enthusiast full of life, Aslı is Alanur's 19-year-old girl studying in the last year of French high school, where she has carefully designed every move of her future. Alanur and Ziya's paths cross once again after many years with Aslı and Mehmet's love.",/xWsCyt4hrJNZkS94DtUHk0FGQHa.jpg,tr,9.0,['TR'],tt24224504,Veda Mektubu,Drama,2023.0,0,Cherry Magic,Veda Mektubu,The Green Veil,Alparslan: Büyük Selçuklu
133,/5WapF85S70wgPYFhKY6ZeXMkRH9.jpg,"Achi is an ordinary employee at a stationary company. He's still single, still a virgin. When he turns thirty, however, he's shocked to find he's developed the power to read people's minds when making physical contact. He attempts to avoid contact with anyone, but it gets worse when Achi accidentally reads the mind of Karan, his most handsome, perfect colleague. He learns that this good-natured, smiley guy is falling for him. Following this incident, he does his best to keep his distance in order to nip Karan's feelings in the bud.",/q3PaIEPemFf3w4jGohaohFtnogm.jpg,th,9.0,['TH'],tt24640240,Cherry Magic,Drama,2023.0,0,Cherry Magic,Veda Mektubu,The Green Veil,Alparslan: Büyük Selçuklu
135,/wJUofdoKLU6UG1zk0P3hJVatQZv.jpg,"With just one bite, a mysterious homemade cookie turns dreams into reality, but it takes over the elite high school, and deadly consequences await.",/bcRAyKmdEZe8FOOedrjm2FRqr5Y.jpg,ko,7.462,['KR'],tt26626068,Hi Cookie,Drama,2023.0,0,Hi Cookie,Pit Babe,The Buccaneers,Black Knight
136,/jtM45bTIareE0qNraP5tN13qAZb.jpg,A married women has to fight for the things she lost because of the revealed secrets of her husband.,/3MGWHmUR0ezgQS5FQbjydG2nfLC.jpg,tr,8.375,['TR'],tt2735484,Karagül,Family,2013.0,9,Karagül,Violetta,Binny et le fantôme,Master's Sun
137,/daGuh4UzHFF8sSHrYHMw0mb2qBt.jpg,"Kim Ji-yong leads a double life as a Korean National Police University student by day and the Vigilante by night, personally punishing criminals who evade the law. He is surrounded by people who all possess different ulterior motives.",/lauvBkCZhcZHj5uUwUxwr5GTPps.jpg,ko,8.2,['KR'],tt27458539,Vigilante,Crime,2023.0,2,Vigilante,DENGELER: Biri Olmak,My Name,L'Enfant d'une Star
138,/3OLeiLbTdNFovd2zyBn2xgR8UWY.jpg,"A fallen queen, Jiang Xuening who aspired to have the highest power and authority in her life was held hostage by rebels after the king, Shen Jie was poisoned. In this life, she used everyone around her to reach the authority of the queen but in the end, she remained under house arrest and Xie Wei slaughtered the entire city. Later, she received the decree to be buried with the emperor. She got a second chance to change her fate by not entering the palace but when she woke up after rebirth, she was already messing around. Even though she vowed not to enter the palace, a certain turn of events again entangles her with the palace and Xie Wei whom she hated the most.",/hS7udvNJxgg9US5MoNq2fvkyR2X.jpg,zh,7.8,['CN'],tt27458928,Story of Kunning Palace,Drama,2023.0,0,Story of Kunning Palace,Faux,The Way Home,Un jour
139,/sjwF7hWN2FauC4ZyL2cfVM8DD35.jpg,"John Taylor lives in quiet solitude, designing puzzles for a living, under the nom-de-plume of 'Ludwig'. When his identical twin, James, disappears off the face of the earth, John takes over his brother's identity in a quest to discover his whereabouts.",/okPERzZxAiVWbd3B9qFepxa2Vfq.jpg,en,7.7,['GB'],tt27846061,Ludwig,Mystery,2024.0,6,Ludwig,My Happy End,Black Doves,Kumovi
140,/jgOOzEv02qgrO4aOJZeBIJJUTdG.jpg,"When a spy's secret lover is killed, an assassin is assigned to protect her life as she investigates the murder. Together they uncover a vast interconnected conspiracy that leads them to question the cost of their moral choices.",/2eZNjPQ9f0TQDHpsL2Ecktsv5v6.jpg,en,7.5,['GB'],tt27995113,Black Doves,Mystery,2024.0,6,Black Doves,Ludwig,Kid Sister,Unlock My Boss
141,/tgPkYUUcOWUpocPkt8KIfJMvEbf.jpg,"Babe, the number 1 racer, is Charlie's idol. Charlie wants to be just like Babe, but doesn't have a race car of his own. So he gathers up his courage and approaches Babe to ask to borrow one. For fun, Babe agrees and the two strike an interesting deal.",/rgD9fg018IEwvjhxpXTAfMwpq8M.jpg,th,7.5,['TH'],tt28209430,Pit Babe,Drama,2023.0,0,Pit Babe,The Buccaneers,Hi Cookie,Black Knight
142,/tCsToFpDPpHgPz6JSX3clIJ1CCs.jpg,"Two old friends go into business together – one's a master communicator, and the other's a great engineer. Their goal? To make a trillion dollars.",/yKWo0HdvMBo0WRaaAVTBIAgT1tM.jpg,ja,7.7,['JP'],tt28371434,Trillion Game,Drama,2023.0,0,Tout va bien,Trillion Game,Minuit au Pera Palace,Bad Romeo
144,/fGtLDLO5DNm6I49gjgfPzTZLRmS.jpg,"One wants to run a successful business, another wants to successfully pursue a Chinese girl. Unexpectedly, their desperate pursuits bring the two close together. Chinese businessman Yang is in pursuit of a Thai parternship, searching for a way to continue his business. He meets Phumjai who has it bad for Chinese influencer Tammy. Though they don't get on well, they need to call a truce for their own sake.",/jEFUM1qzHtLhnIr4dluEjmFjZ7o.jpg,th,7.214,['TH'],tt28694288,Love in Translation,Comedy,2023.0,5,Love in Translation,Last One Standing,Lopez contre Lopez,Dreamland
145,/z94XV4cVrhYnFOmEI9nYTb6yOQJ.jpg,"When Binny moves to a new house with her parents in Berlin, the spirit of a fourteen-year-old becomes her roommate. Binny needs to help the ghost in uncovering mysteries about his past and identity.",/9ILkE0uWtM8Liqv7VvT15MIT6zt.jpg,de,8.2,['DE'],tt2886428,Binny et le fantôme,Sci-Fi & Fantasy,2013.0,8,Binny et le fantôme,Master's Sun,Violetta,Karagül
146,/xLXFPtKfbf3xVswKNaAtTrRRDgp.jpg,"Mete and Naz are the favorite children of rich and powerful families. Both of them are spoiled and used to getting everything they want in life. Their story, which started with the promise of their families in their childhood, flows towards marriage today with their inability to break away from each other. But when Naz's maid İncila, who has been with him since childhood, suddenly appears in front of Mete, Mete questions all the decisions he has made in life. Will this encounter between İncila and Mete change the direction of the story Naz wrote with all her stubbornness and help Mete find true love?",/yr6dEnLoGBrnYVNcougM4k10Cx4.jpg,tr,7.0,['TR'],tt29626178,Sakla Beni,Drama,2023.0,0,Sakla Beni,Boat Story,The Responder,Suits
147,/oAWnDT3tIvw0KN2LoNtWRlaaTRs.jpg,"Seo Jaewon who suffered an unfortunate childhood, becomes an ambitious and driven CEO that chases after success. But when her obsession gets out of hand, she tries to escape from her unhealthy desires but her husband, a designer and college professor, gets swept up in the process.",/rfM9ZQ3kc7JGKd5RKCpXZ65SfO0.jpg,ko,7.8,['KR'],tt29720810,My Happy End,Mystery,2023.0,6,My Happy End,Ludwig,Kumovi,Harlem
149,/jlbUx0aHJupDVDlCo0R7UxSaUUd.jpg,"In a bet to prove whether ghosts or aliens exist, two high schoolers face terrifying paranormal threats, gain superpowers and maybe even fall in love?!",/6qfZAOEUFIrbUH3JvePclx1nXzz.jpg,ja,8.82,['JP'],tt30217403,Dandadan,Animation,2024.0,3,Dandadan,SPY×FAMILY,L'Enfant d'une Star,Ma Star
150,/26hCPlTtSqxnW6HMSzvir9umFCW.jpg,A youth romance about two men and woman who aren't blood related but treated each other as family during their teens and how they meet again after 10 years.,/drQh6tu7OupGBtE5zqVJB1AAGoa.jpg,ko,7.688,['KR'],tt30365813,A Prefabricated Family,Drama,2024.0,0,A Prefabricated Family,Tout va bien,Trillion Game,Un jour
151,/xC4jh7M2N0LJ6ZR6a9fePcRelYh.jpg,"The hardened veteran detective Rena and bright-eyed rookie Sato take on a menial investigation. The job goes well until a thug named Dobu steals their evidence. Disheartened, they take a job looking into the life of a taxi driver named Odokawa in hopes of redeeming themselves. They wind up in the middle of a missing girl case, with gangsters, aspiring students, and surprises around every corner.",/zz3LT75U3EEOl3ZrZlWEhmJnICH.jpg,ja,8.4,['JP'],tt30745530,RoOT - Route of OddTaxi -,Mystery,2024.0,6,RoOT - Route of OddTaxi -,The Chosen Granddaughter,Boarders,True Beauty
152,/cJIW5VtjipFbvmA6moBjGCn7pz8.jpg,"In 1991, years prior to the events of NCIS, Leroy Jethro Gibbs starts his career as a newly minted special agent at the fledgling NCIS Camp Pendleton office, where he forges his place on a gritty, ragtag team led by NCIS legend Mike Franks.",/ft0mhNUC6ck8jnDJfSlltaGXMvf.jpg,en,7.8,['US'],tt30796986,NCIS: Origins,Crime,2024.0,2,NCIS: Origins,I Was Reincarnated as the 7th Prince So I Can Take My Time Perfecting My Magical Ability,Gangs of London,Dark Winds
154,/xkPGtcMNg7mr1pS8O8FkqaSSGHg.jpg,"Prince Lloyd wasn't always a prince...in fact, his previous life is one he remembers perfectly: he was a sorcerer, of sorts. So when he was forced to reincarnate, he decided to continue his studies, prince of the realm or no! But his new life has its own sets of challenges...including being a 10-year-old! What's the 7th prince/sorcerer to do?!",/kMDJ2hdBTLZn33O53xCtE14fFD1.jpg,ja,7.8,['JP'],tt31624309,I Was Reincarnated as the 7th Prince So I Can Take My Time Perfecting My Magical Ability,Animation,2024.0,3,I Was Reincarnated as the 7th Prince So I Can Take My Time Perfecting My Magical Ability,NCIS: Origins,Blood of Zeus,Gangs of London
156,/nI9YGF9ZBror2a5MDBTg4Zn1tUk.jpg,"Joo Joong-won is the arrogant, greedy CEO of Kingdom, a  conglomerate that includes a supermall and a hotel. ""Ghost whisperer”  Tae Gong-shil, is a misunderstood outcast who can't keep a  boyfriend or a job since a near death experience left her seeing needy  ghosts. She feels compelled to help them resolve their earthly issues so  they can move on to the afterlife... and he feels compelled to think  she's crazy. Soon their lives merge into a complicated web of hijinx,  misunderstandings, and... yes, love.",/8dNQTTHAirWwCpQM85amONPcZSA.jpg,ko,8.0,['KR'],tt3184674,Master's Sun,Sci-Fi & Fantasy,2013.0,8,Master's Sun,Binny et le fantôme,Violetta,Science grand format
157,/A8i2pdx6iZkGyOj1yU9QHgDzB33.jpg,"Justin Russo has chosen to lead a normal, mortal life with his family, Giada, Roman and Milo. But when Justin's sister Alex brings Billie to his home seeking help, Justin realizes he must dust off his magical skills to mentor the wizard-in-training while also juggling his everyday responsibilities — and safeguarding the future of the Wizard World.",/e5HPEHEZMmmLCCpQnE2dnbV9S84.jpg,en,9.5,['US'],tt31867798,Waverly Place: les nouveaux sorciers,Comedy,2024.0,5,Waverly Place: les nouveaux sorciers,Cold Case,Dandadan,Weird Wonders of the World
158,/pZI486OC2GMS4SLUCEclIDYYxr8.jpg,"From There To Here is set in the aftermath of the 1996 Arndale bombing and follows Daniel Cotton, a Manchester family man who is torn between the life he wants and the life he could have.",/2IglDxHghp9Yyx4cni0dy4ivVUe.jpg,en,7.3,['GB'],tt3190722,D'une vie à l'autre,Drama,2014.0,0,D'une vie à l'autre,Tree with Deep Roots,Father Brown,Last Tango in Halifax
159,/54VXv1qjuNvCX8VCRMkJu1QY3wn.jpg,"Khun Nueng, M.L. Sipakorn, is a beautiful woman who's grown up under pressure from her grandmother. She's never been allowed to be herself, never met someone she could feel loved by or worthy of. Then she meets Anueng, cheerful and bright. Beneath the smiling face, however, there's a sadness hidden in her eyes. She makes her heart flutter like never before. Unfortunately, the sixteen years age difference, family and societal norms keep their love from flourishing.",/cPgAEWlZQMY2baVL7fhVMkckQwa.jpg,th,10.0,['TH'],tt31961473,Blank,Drama,2024.0,0,Al Atawla,Blank,L'Maktoub,The Green Veil
160,/bsMYCdiRHQG9rsUeZrFYGacldNr.jpg,"After falling in love, Nassar, a professional thief, is determined to leave the world of crime. But he soon finds himself in the middle of a fierce war waged against him by those affected by his decision.",/zTWpvIpKyOR2LUchIdKDYJGfjB6.jpg,ar,10.0,['EG'],tt32022957,Al Atawla,Drama,2024.0,0,Al Atawla,Blank,L'Maktoub,The Green Veil
161,/us2E4vqo5zJrUledrNX1KTpk3gT.jpg,"While an empowered and wiser Betty works hard on rebuilding her relationship with her teenage daughter Mila, her relationship with Armando begins to deteriorate, making her question if she made the right decision 20 years ago.",/sgCcmsJ4aKAK8QwrbG6RLYxxFAj.jpg,es,7.486,['CO'],tt32321928,Betty la Fea: The Story Continues,Soap,2024.0,4,Betty la Fea: The Story Continues,Unlock My Boss,Kid Sister,Bad Sisters
163,/p8A1HMw3f3djxMwQRccCuxdy754.jpg,"Britain is in the grip of a chilling recession... falling wages, rising prices, civil unrest - only the bankers are smiling. It's 1783 and Ross Poldark returns from the American War of Independence to his beloved Cornwall to find his world in ruins: his father dead, the family mine long since closed, his house wrecked and his sweetheart pledged to marry his cousin. But Ross finds that hope and love can be found when you are least expecting it in the wild but beautiful Cornish landscape.",/fTJZHMzlIGSJVPSe7Xz4p5SRwYP.jpg,en,7.8,['GB'],tt3636060,Poldark,Drama,2015.0,0,Poldark,Juste entre amoureux,Loin de chez nous,Zero: The Bravest Money Game
165,/cI4P2GaNJ9Hh40wiWKY91v34vOY.jpg,The Code is a drama series which tells tells the story of two brothers who discover some information that those at the highest levels of political power are determined to keep secret.,/d960SZCKOXrHQLFRlaGhlPUFEOR.jpg,en,7.2,"['AU', 'IN']",tt3914672,The Code,Crime,2014.0,2,The Code,Falco,La source,Témoin indésirable
166,/7uzdIv6iJE92y0Aj3dXZbvP9BxC.jpg,"The story of a group of inspirational women in a rural Cheshire community with the shadow of World War II casting a dark cloud over their lives. As the conflict takes hold and separates the women from their husbands, fathers, sons and brothers, the characters find themselves under increasing and extraordinary pressures in a rapidly fragmenting world. By banding together as the Great Paxford Women’s Institute, they help maintain the nation’s fabric in its darkest hour, and discover inner resources that will change their lives forever.",/zRqKhlhk1wVueOnjWb009YDYbU8.jpg,en,8.432,"['GB', 'US']",tt4015216,A Chacun(e) sa guerre,Drama,2015.0,0,A Chacun(e) sa guerre,Trop,True Detective,The Last Kingdom
167,/QbtctI8EzlhsyFDMUMyG3fli8B.jpg,"A show of heroic deeds and epic battles with a thematic depth that embraces politics, religion, warfare, courage, love, loyalty and our universal search for identity. Combining real historical figures and events with fictional characters, it is the story of how a people combined their strength under one of the most iconic kings of history in order to reclaim their land for themselves and build a place they call home.",/8eJf0hxgIhE6QSxbtuNCekTddy1.jpg,en,8.3,['GB'],tt4179452,The Last Kingdom,Action & Adventure,2015.0,1,The Last Kingdom,True Detective,A Chacun(e) sa guerre,Trop
168,/b4UmLXS2GZ0dRr6jC3Kv2LpGpgK.jpg,"Since he was a child, the board game baduk has been everything to Jang Geu-rae. But when he fails at achieving his dream of becoming a professional baduk player, Geu-rae must leave his isolated existence and enter the real world armed with nothing but a high school equivalency exam on his resume.",/kCRSbmFAwvGZrr93OFqQXn96rJ0.jpg,ko,8.7,['KR'],tt4240730,Misaeng,Comedy,2014.0,5,Misaeng,Brassic,True Beauty,Bluey
169,/xTwCPMFshsjtA0firQMe3GapQz9.jpg,Ertuğrul Bey and the Knights Templar in the 13th century Alba and step and step with the struggle against brutal Mongols depicts the process of establishing the Ottoman principality.,/rOar34cNLn2sgDH5FmAa1bvMpBv.jpg,tr,7.8,['TR'],tt4320258,Dirilis: Ertugrul,War & Politics,2014.0,10,Dirilis: Ertugrul,Violetta,Bandish Bandits,Master's Sun
170,/lU28XFV7ITJLnWAqRJpvK10deA6.jpg,"A teenager who dreams with a career as a top model becomes part of a prostitution scheme and meets a powerful and obsessive businessman. As a last resort, he marries the girl's mother just to be near her. This series explores the limits of obsession, wealth and pleasure, using the fashion world as backdrop.",/rw1bnxgPhfzg9EvBlgbtjLkWBzy.jpg,pt,7.8,['BR'],tt4773278,Verdades Secretas,Soap,2015.0,4,Verdades Secretas,Re: Zero - Starting Life in Another World,Bloqués,Çilek Kokusu
171,/1aHgi45RqVhTXaYkbvDG6aS7UV6.jpg,"Na Bong Sun may be a skilled sous chef, but she lacks the self-esteem to shine professionally and socially. Beyond her cooking talents, however, is an uncanny ability to communicate with ghosts. One day, her mystic senses go out of control when the seductive ghost of Shin Soon Ae possesses her. Imbued with a fiery new ""personality,"" Bong Sun starts turning heads, including that of Kang Sun Woo, the hottest chef in town and Bong Sun's secret crush!",/6GZhtgZNDHmwmUA4yRmrdfEJQNu.jpg,ko,8.1,['KR'],tt4799574,Oh Naui Gwishinnim,Comedy,2015.0,5,Oh Naui Gwishinnim,Eobiseu,Aynen Aynen,Tyler Perry's Young Dylan
172,/IJCSUObPR9wrJCzqFXSZwzPLCI.jpg,"A hardworking girl and a reckless boy.. Although their major differences, fate on the other hand has other plans for them.",/bnIFc4MzMe9TukVZWXdiDAeb9wq.jpg,tr,7.7,['TR'],tt4900982,Çilek Kokusu,Comedy,2015.0,5,Çilek Kokusu,Bloqués,Geunyeoui Sasaenghwal,Verdades Secretas
173,/skw9Dx4uWfd6gXXl4sUKwP2XeuR.jpg,"Two guys interpreted by the Casseurs Flowters (Orelsan & Gringe) discuss in a sofa until something happens. Created by the team of Bref, this short program speaks of boredom whith funny moments like : ""What's the name of Hitchcock movie with the birds ?""",/icy2uVv4xDntEsOlFMKplxYVgC1.jpg,fr,7.719,['FR'],tt5296536,Bloqués,Comedy,2015.0,5,Bloqués,Çilek Kokusu,Geunyeoui Sasaenghwal,Verdades Secretas
174,/opy2NjHAyQQsXYcMsMsLXQK3F8w.jpg,A romantic historical drama set around and after the 1953 Iranian coup d'état.,/3GjrxoDL7SOJyCV1gO3Zqp7SYfm.jpg,fa,9.2,['IR'],tt5332732,Shahrzad,Drama,2015.0,0,Shahrzad,Veda Mektubu,Cherry Magic,Mehmetçik Kut'ül Amare
175,/ai8bVS8Suvu4ErBhmgBvtESirBY.jpg,"Natsuki Subaru, an ordinary high school  student, is on his way home from the convenience store when he finds  himself transported to another world. As he's lost and confused in a new  world where he doesn't even know left from right, the only person to  reach out to him was a beautiful girl with silver hair. Determined to  repay her somehow for saving him from his own despair, Subaru agrees to  help the girl find something she's looking for.",/5MrRCj7z92YLWMXHeWKp19eJPYv.jpg,ja,7.8,['JP'],tt5607616,Re: Zero - Starting Life in Another World,Animation,2016.0,3,Re: Zero - Starting Life in Another World,Blood of Zeus,Verdades Secretas,Gangs of London
176,/d84gSpBXdl7smdKlwnIWQPewEgs.jpg,"A mermaid from the Joseon period ends up in present-day Seoul, where she crosses paths with a swindler who may have ties to someone from her past.",/vhBdwKSYOvops4o68X1zNXqEDF1.jpg,ko,7.4,['KR'],tt5766194,Pooreun Badaui Junsul,Comedy,2016.0,5,Pooreun Badaui Junsul,Home for Christmas,Workingirls,Workingirls à l'hôpital
177,/6bxkjD9jkRl6oRSOi0y3O9ADV6X.jpg,"Even though two brothers are completely separated from each other after the imprisoning of their father and the kidnapping of their twin brother, they meet by coincidence years after when both choose to enter the police academy.",/63v7p8t5sShiCGRLzePlgCu6TNj.jpg,tr,7.9,['TR'],tt6051216,Içerde,Action & Adventure,2016.0,1,Içerde,Loin de chez nous,Poldark,Juste entre amoureux
179,/pbiH13zw34FPkZm396zFliiqiBU.jpg,"The black sheep of the Argyll family, Jack Argyll, was accused of murdering their matriarch a year ago, but now a man shows up on their doorstep claiming Jack’s innocence. The family must come to terms with this news and the fact that the real killer might still be among them.",/ddlg0xMkKrFgMjHq0FRX1XAhYT7.jpg,en,7.0,['GB'],tt6118426,Témoin indésirable,Crime,2018.0,2,Témoin indésirable,Le Protecteur d'Istanbul,Piste Noire,La source
180,/ulXewCeBreYuw1fpjpibYQ66RRv.jpg,"A relevant, timely and distinctive coming-of-age story following a half dozen interrelated characters in the South Side of Chicago. The story centers on Brandon, an ambitious and confident young man who dreams about opening a restaurant of his own someday, but is conflicted between the promise of a new life and his responsibility to his mother and teenage brother back in the South Side.",/niD8X5pEXpmRUDhSPdDOgI3Gw5Q.jpg,en,8.066,['US'],tt6294706,The Chi,Drama,2018.0,0,The Chi,Qing yu nian,Loin de chez nous,Record of Youth
182,/9zYDthBpJovxfnvwWWzOQaVSYvk.jpg,"This is about the gratitude and grudges of the rich and powerful, their love-hate entanglement. This is a love game, with lingering desire and pain. They first met while they were young, their feelings were filled with undercurrents. When they meet again, everything is no longer pure. He is a businessman, so is accustomed to using strategy to get everything he wants. Facing her who had returned with hatred, will everything be destined to reverse and start all over again? One step is wrong, every step is wrong. Looking back, perhaps there is still love. But this love is related to hate and this affair is related to self-interest. Perhaps they themselves are also unclear how much is actually sincere. Who has the courage to admit: In fact, happiness is not far away from them. ~~ Adapted from the novel ""Every Step Is Wrong"" by author Lan Bai Se.",/emhcILuJbWa5oOleFXYy0yH9iZK.jpg,zh,7.0,['CN'],tt6562788,Be with You,Drama,2017.0,0,Be with You,Hua Jai Sila,Jugement céleste. Continuation,La sélection
183,/5Xh5tqTQVinja3Pi5y9VKdNRPPx.jpg,"Mother and daughter Astrid and Audrey are lawyers specializing in family law who take the perilous decision to work together. And how families have changed over recent years! From the bulldog being fought over by his divorcing owners to a fight over shady fertility trade dealings, every case presents a new challenge. But they do have one thing in common: Those fighting them, whether moving, infuriating, or simply comic, are regular people just like us!",/qww2KL9e17D4O3v2AlbDquarZAb.jpg,fr,7.0,['FR'],tt6730152,"On va s'aimer un peu, beaucoup...",Comedy,2017.0,5,"On va s'aimer un peu, beaucoup...",Jack Whitehall: Travels with My Father,"On va s'aimer un peu, beaucoup",Family Business
184,/5Xh5tqTQVinja3Pi5y9VKdNRPPx.jpg,"Mother and daughter Astrid and Audrey are lawyers specializing in family law who take the perilous decision to work together. And how families have changed over recent years! From the bulldog being fought over by his divorcing owners to a fight over shady fertility trade dealings, every case presents a new challenge. But they do have one thing in common: Those fighting them, whether moving, infuriating, or simply comic, are regular people just like us!",/qww2KL9e17D4O3v2AlbDquarZAb.jpg,fr,7.0,['FR'],tt6730152,"On va s'aimer un peu, beaucoup",Comedy,2017.0,5,"On va s'aimer un peu, beaucoup...",Jack Whitehall: Travels with My Father,"On va s'aimer un peu, beaucoup",Family Business
185,/lA3MKdT3QOrYGe5dg7Uzuceu8zZ.jpg,"Seiya and the Knights of the Zodiac rise again to protect the reincarnation of the goddess Athena, but a dark prophecy hangs over them all.",/yzfjuIkWzO0ImMEgg9fMHDzR3JP.jpg,en,7.4,['US'],tt6908976,Saint Seiya: Les Chevaliers du Zodiaque,Animation,2019.0,3,Saint Seiya: Les Chevaliers du Zodiaque,Dark Winds,Hors-Saison: Une enquêtrice prise au piège,Hors-saison
186,/7BJyXEkztIrC6RF3lJ3o6knNUWu.jpg,How does the sun affect classical music? What do goats and spiders have in common? Could we develop bulletproof skin using spider’s silk? Discover the fascinating answers to some of the strangest and most unexpected questions.,/4EVVIddeogmeWP3Iu3G7VWNjRcE.jpg,en,10.0,['GB'],tt6959608,Weird Wonders of the World,Documentary,2015.0,7,Weird Wonders of the World,Al-Nakba,Waverly Place: les nouveaux sorciers,Maui Kitty's Play Day
188,/phuBsIJyVKWxM04UXcxHI8QU0im.jpg,"During World War I, a group of determined soldiers fights to defend Ottoman territory against English invasion.",/8DdZHf7mKcUT3u1YIAkYZ5X856C.jpg,tr,8.7,['TR'],tt7440366,Mehmetçik Kut'ül Amare,Action & Adventure,2018.0,1,Mehmetçik Kut'ül Amare,Alparslan: Büyük Selçuklu,Binsenjo,Trop
189,/hVIZRToS7bYZCWsoLbo9S3AhKwJ.jpg,"Comic Jack Whitehall invites his stodgy, unadventurous father to travel with him to odd locations and events in an attempt to strengthen their bond.",/4YmLWIECW3OE7NiP9uwUK35i2uH.jpg,en,7.0,['GB'],tt7453996,Jack Whitehall: Travels with My Father,Comedy,2017.0,5,"On va s'aimer un peu, beaucoup...",Jack Whitehall: Travels with My Father,"On va s'aimer un peu, beaucoup",Family Business
190,/sskAFBI63XKIAo7ilhGFGZFCtXM.jpg,Two survivors of a building collapse discover support and love in each other as they overcome the pain of loss and reconstruct a hopeful future.,/kZyBy282x8S8TRtC2MZev4SXl83.jpg,ko,7.783,['KR'],tt7521898,Juste entre amoureux,Drama,2017.0,0,Juste entre amoureux,Zero: The Bravest Money Game,Poldark,P-Valley
191,/dcj9fyx9wMU7HazAAxSAZ65s3Nj.jpg,"When the head of a criminal organisation, Finn Wallace is assassinated, the sudden power vacuum his death creates threatens the fragile peace between the intricate web of gangs operating on the streets of the city. Now it’s up to the grieving, volatile and impulsive Sean Wallace to restore control and find those responsible for killing his father.",/fVgwa6wGw9ddGM5O7mqrrwB6gHK.jpg,en,7.9,['GB'],tt7661390,Gangs of London,Crime,2020.0,2,Gangs of London,Blood of Zeus,NCIS: Origins,My Name
192,/n5h1JNlTm3AdWoKZnGcZMgemt8S.jpg,"The epic adventure of Hakan, a young shopkeeper whose modern world gets turned upside down when he learns he’s connected to a secret, ancient order, tasked with protecting Istanbul.",/xoN4wJRzeaWBfuQDYPngJgN6y9t.jpg,tr,7.2,['TR'],tt7668518,Le Protecteur d'Istanbul,Action & Adventure,2018.0,1,Le Protecteur d'Istanbul,La sélection,Les sauvages,1994
193,/g88VMPtog8sl8riaIRtz4U80dMK.jpg,"Bluey is an inexhaustible six year-old Blue Heeler dog, who loves to play and turns everyday family life into extraordinary adventures, developing her imagination as well as her mental, physical and emotional resilience.",/b9mY0X5T20ZM073hoa5n0dgmbfN.jpg,en,8.615,['AU'],tt7678620,Bluey,Animation,2018.0,3,Bluey,Scissor Seven,Douluo Dalu,SPY×FAMILY
194,/qynlO0iFgBPIM2aNbJKFBaBrxAx.jpg,"After being implicated in a deadly scandal, a trader at a leading London bank fights to clear his name, but instead uncovers an intercontinental conspiracy masterminded by powerful forces operating in the shadows.",/l4Pl7APWpRANULCirWTrcMPfdIl.jpg,en,7.34,['IT'],tt7939218,Devils,Drama,2020.0,0,Devils,1994,The Nokdu Flower,The Recruit
195,/8OkqqkXS9PraWOYWLOrObfZEzC.jpg,"The remarkable story of how murderer Charles Sobhraj was captured. As the chief suspect in unsolved murders of young Western travellers across India, Thailand and Nepal’s ‘Hippie Trail’ in 1975 and 1976, Sobhraj had repeatedly slipped from the grasp of authorities worldwide to become Interpol's most wanted man, with arrest warrants on three different continents.",/mZve7vS8S7nyYMIJ5rJrjzOGwAZ.jpg,en,7.5,['GB'],tt7985576,Le Serpent,Drama,2021.0,0,Le Serpent,Mellangkollia,SAS Rogue Heroes,The Recruit
196,/6ehWGsjUnXrwqTYoAGOVzHpXObV.jpg,Two teen cricket prodigies struggle against their overbearing father and a system stacked against them to realize their own ambitions and identities.,/4vzDZD4vvhsC5zLHrkQAYYp1idJ.jpg,hi,7.2,['IN'],tt8004628,La sélection,Drama,2018.0,0,La sélection,Les sauvages,The Nokdu Flower,1994
197,/daljxPP9r6CppAEQ2S1mQl6NKV1.jpg,"The existence of two sisters is jostled when the youngest, Anaïs, joins her eldest, Isabelle, in Montreal (Canada). What seems like a happy reunion is a little less funny when Isabelle finds out that her little sister is living with bipolar disorder.",/boUy6oHiyKd1bErZavTnSulj03d.jpg,fr,8.5,['CA'],tt8267548,Trop,Drama,2017.0,0,Trop,A Chacun(e) sa guerre,True Detective,Mehmetçik Kut'ül Amare
198,/oCXAXxPAj4VH35FPvO1Trog4imV.jpg,"When a tragedy disrupts her life, a teen moves in with her guardian's big family in a small town and learns new lessons about love, hope and friendship.",/jg3YdxDNlxay0NWTxgAPif647Hj.jpg,en,7.9,['US'],tt8323628,Ma vie avec les Walter Boys,Drama,2023.0,0,Ma vie avec les Walter Boys,Story of Kunning Palace,The Way Home,Faux
199,/a2Q2og2N3H8qr5UVuvANZqrRa0M.jpg,"After the breakdown of the old government, and with it the First Republic, Italy changed for good in 1994. Spinster Leo is all too aware of this. He pushed hard to see Berlusconi get elected Prime Minister. He knows it's not easy to win power, but holding on to it verges on the impossible. By the same token, it seems equally impossible for populist politician Pietro to change. Even now that he has an office at the Prime Minister's premises in Rome, he still can't cast off his old bad habits. Nor can he forget the only woman he has ever loved. A former TV starlet now turned politician and Congresswoman, Veronica has to decide who the man of her life is going to be. She has realized she no longer wants to be just a woman on the arm of powerful men. It is the start of her own push for power.",/bqahueiS1YPe0L8pxkdxpOV2UxJ.jpg,it,7.3,['IT'],tt8736278,1994,Drama,2019.0,0,1994,The Nokdu Flower,Devils,Les sauvages
200,/1ozSDt6N19s8cfMHWBGowkthDoS.jpg,"The intricate and magical love story of Clare and Henry, and a marriage with a problem… time travel.",/m7gKiAdNHf0uLkZAdgWgLGrPtll.jpg,en,7.776,['US'],tt8783930,The Time Traveler's Wife,Sci-Fi & Fantasy,2022.0,8,The Time Traveler's Wife,Parasyte: The Grey,The Search for WondLa,Bandish Bandits
201,/sEnNEy3epZMGpK68AmLn5eRfkEc.jpg,"Tang San spent his life in the Tang Outer Sect, dedicated to the creation and mastery of hidden weapons. Once he stole the secret lore of the Inner Sect to reach the pinnacle of his art, his only way out was death. But after throwing himself off the deadly Hell's Peak he was reborn in a different world, the world of Douluo Dalu, a world where every person has a spirit of their own, and those with powerful spirits can practice their spirit power to rise and become Spirit Masters.

The spirit that awakens within Tang San is Blue Silver Grass, a useless spirit. Can he overcome the difficulties to reach the high ranks of Spirit Masters and bring the glory of the Tang Sect into this new world?",/6E2kaDlU1xlV9dWx0NZFbOEmFWZ.jpg,zh,8.4,['CN'],tt8948436,Douluo Dalu,Animation,2018.0,3,Douluo Dalu,Scissor Seven,Bluey,Ma Star
202,/tnLiazSysECCyrxwmNqJrullIOb.jpg,"The winner of a secret survival game stands to win a large sum of money. However, one player does not seem to be in the game for the money.",/yV9bpjaqijQn2jHNHNq0VxmyDUp.jpg,ja,7.7,['JP'],tt8952826,Zero: The Bravest Money Game,Drama,2018.0,0,Zero: The Bravest Money Game,Juste entre amoureux,P-Valley,Law School
203,/hEJE1WsZZqjJsq0Ltpom5qZzWEE.jpg,"A group of working-class friends finding unconventional ways to win at life in northern suburbia. These lads have dealt, scammed, bribed and conned their way through adolescence, but now, on the brink of adulthood, their dealing and stealing is catching up with them and a whole load of trouble is heading their way.",/tnIq3yiLMZJpaJyRs8FNV7WJs6V.jpg,en,8.516,['GB'],tt9174582,Brassic,Comedy,2019.0,5,Brassic,True Beauty,The Chosen Granddaughter,Misaeng
205,/qaBwj91q7bx21y4xFAAYHR7wrDL.jpg,"Down deep in the Mississippi Delta, Trap music meets film noir in this kaleidoscopic story of a little-strip-club-that-could and the big characters who come through its doors—the hopeful, the lost, the broken, the ballers, the beautiful, and the damned.",/qAuKjGNbcwdhbpxSciak8BFjQ5F.jpg,en,7.7,['US'],tt9340526,P-Valley,Drama,2020.0,0,P-Valley,Law School,Kazara Ask,Mellangkollia
206,/i9IEOD1Li1y89xRHKH9kiE8dt9z.jpg,Earth is visited by an alien species that threatens humanity's existence. Events unfold in real time through the eyes of five ordinary people across the globe as they struggle to make sense of the chaos unraveling around them.,/wWFs3pl9gWHYvDElQVB4CB809m9.jpg,en,7.18,['US'],tt9737326,Invasion,Sci-Fi & Fantasy,2021.0,8,Invasion,The School Nurse Files,Üç Kiz Kardes,The Search for WondLa
207,/3fTEB9x8bxAQ055ecodeqLbMoLJ.jpg,"A classical singer Radhe falls in love with pop singer Tamanna and embarks on a path that forces him to compromise his classical roots. With time, both the singers try to get out of their comfort zone while  trying to protect their stardom. This series tests their resolve for their passion and love.",/kBzGbQYEfv8Wbdh60ND9V9dJt0S.jpg,hi,7.6,['IN'],tt9814458,Bandish Bandits,Family,2020.0,9,Bandish Bandits,Üç Kiz Kardes,The School Nurse Files,The Time Traveler's Wife
208,/tM25DV1252RaOVfktNWRs7rZx60.jpg,"An art curator's life unravels, as she tries to keep her pastime as a die-hard K-pop fan secret from her gallery's new director.",/nr4BB5JoTyxrtaNVMECinuMzTMA.jpg,ko,7.703,['KR'],tt9899340,Geunyeoui Sasaenghwal,Comedy,2019.0,5,Geunyeoui Sasaenghwal,Harlem,Family Matter,Tyler Perry's Young Dylan
